{
  "bg": 115, 
  "temp": "absolute", 
  "snoozeBG": 125, 
  "recieved": true, 
  "predBGs": {
    "COB": [
      115, 
      117, 
      118, 
      120, 
      122, 
      123, 
      125, 
      127, 
      129, 
      131, 
      133, 
      134, 
      136, 
      137, 
      139, 
      140, 
      141, 
      143, 
      144, 
      146, 
      147, 
      148, 
      149, 
      150, 
      150, 
      150, 
      150, 
      150, 
      150, 
      149, 
      149, 
      148, 
      148, 
      148, 
      147
    ], 
    "aCOB": [
      115, 
      119, 
      123, 
      127, 
      131, 
      135, 
      138, 
      141, 
      144, 
      146, 
      149, 
      150, 
      152, 
      153, 
      154, 
      155, 
      155, 
      155, 
      155, 
      154, 
      154, 
      153, 
      152, 
      152, 
      151, 
      150, 
      150, 
      149, 
      148, 
      148, 
      147, 
      147, 
      146, 
      146, 
      146, 
      146, 
      145
    ], 
    "IOB": [
      115, 
      116, 
      117, 
      118, 
      118, 
      118, 
      118, 
      118, 
      117, 
      116, 
      114, 
      112, 
      109, 
      107, 
      105, 
      103, 
      101, 
      100, 
      99, 
      98, 
      97, 
      96, 
      95, 
      95, 
      94, 
      93, 
      93, 
      92, 
      92, 
      91, 
      90, 
      90, 
      90, 
      89
    ]
  }, 
  "rate": 0.925, 
  "reason": "COB: 20, Dev: 43, BGI: -5.19, Target: 115; Eventual BG 147>=115, 24m@0.640 = 0.256 > req 0.14245014245014245+0.1U", 
  "eventualBG": 147, 
  "timestamp": "2016-05-11T08:30:05.744365", 
  "duration": 30, 
  "tick": "+2"
}