{
  "bg": 115, 
  "temp": "absolute", 
  "snoozeBG": 143, 
  "recieved": true, 
  "predBGs": {
    "COB": [
      115, 
      118, 
      121, 
      125, 
      129, 
      133, 
      137, 
      142, 
      147, 
      152, 
      157, 
      162, 
      167, 
      172, 
      177, 
      182, 
      187, 
      192, 
      196, 
      200, 
      204, 
      208, 
      211, 
      215, 
      218, 
      222, 
      225, 
      228, 
      231, 
      235, 
      238, 
      241, 
      244, 
      247, 
      250, 
      253, 
      256
    ], 
    "aCOB": [
      115, 
      120, 
      125, 
      130, 
      136, 
      142, 
      148, 
      154, 
      160, 
      166, 
      173, 
      179, 
      185, 
      191, 
      197, 
      204, 
      209, 
      215, 
      220, 
      225, 
      229, 
      233, 
      237, 
      241, 
      245, 
      248, 
      252, 
      255, 
      258, 
      261, 
      264, 
      267, 
      270, 
      273, 
      275, 
      278, 
      280
    ], 
    "IOB": [
      115, 
      117, 
      119, 
      121, 
      123, 
      125, 
      126, 
      127, 
      127, 
      127, 
      127, 
      126, 
      125, 
      123, 
      122, 
      121, 
      120, 
      119, 
      118, 
      116, 
      115, 
      113, 
      112, 
      110, 
      109, 
      107, 
      106, 
      104, 
      103, 
      102, 
      101, 
      100, 
      99, 
      98, 
      98, 
      97
    ]
  }, 
  "rate": 1.0, 
  "reason": "COB: 48, Dev: 48, BGI: -5.03, ISF: 94.1, Target: 115; Eventual BG 256>=115, 29m@0.920 = 0.445 > req 0.2975557917109458+0.1U", 
  "eventualBG": 256, 
  "timestamp": "2016-05-24T15:23:34.491611", 
  "duration": 30, 
  "tick": "+3"
}