{
  "bg": 175, 
  "temp": "absolute", 
  "snoozeBG": 145, 
  "recieved": true, 
  "predBGs": {
    "COB": [
      175, 
      179, 
      183, 
      186, 
      189, 
      191, 
      192, 
      194, 
      194, 
      194, 
      194, 
      193, 
      191, 
      190, 
      188, 
      185, 
      183, 
      181, 
      178, 
      175, 
      173, 
      170, 
      168, 
      165, 
      163, 
      161, 
      158, 
      156, 
      154, 
      152, 
      150, 
      149, 
      147, 
      147, 
      146, 
      145
    ], 
    "aCOB": [
      175, 
      181, 
      186, 
      191, 
      195, 
      198, 
      201, 
      203, 
      204, 
      205, 
      205, 
      204, 
      203, 
      201, 
      199, 
      196, 
      193, 
      190, 
      186, 
      183, 
      179, 
      175, 
      171, 
      167, 
      164, 
      160, 
      158, 
      155, 
      153, 
      151, 
      149, 
      148, 
      147, 
      146, 
      145, 
      144
    ], 
    "IOB": [
      175, 
      179, 
      181, 
      184, 
      185, 
      185, 
      184, 
      183, 
      180, 
      177, 
      173, 
      167, 
      162, 
      156, 
      150, 
      144, 
      138, 
      132, 
      127, 
      122, 
      117, 
      112, 
      108, 
      104, 
      101, 
      97, 
      94, 
      92, 
      90, 
      88, 
      86, 
      85, 
      83, 
      82, 
      82, 
      81
    ]
  }, 
  "rate": 1.55, 
  "reason": "COB: 30, Dev: 46, BGI: -3.71, Target: 115; Eventual BG 145>=120, 28m@1.370 = 0.639 > req 0.47244094488188976+0.1U", 
  "eventualBG": 145, 
  "timestamp": "2016-04-27T11:28:45.774723", 
  "duration": 30, 
  "tick": "+5"
}