{
  "bg": 110, 
  "temp": "absolute", 
  "snoozeBG": 95, 
  "recieved": true, 
  "predBGs": {
    "IOB": [
      110, 
      105, 
      101, 
      97, 
      94, 
      91, 
      89, 
      87, 
      86, 
      85, 
      85, 
      85, 
      86, 
      87, 
      88, 
      90, 
      91, 
      93, 
      95, 
      97, 
      99, 
      101, 
      103, 
      105, 
      107, 
      109, 
      110, 
      112, 
      113, 
      114, 
      115, 
      116, 
      116, 
      117, 
      117, 
      118
    ]
  }, 
  "reason": "COB: 0, Dev: -19, BGI: -1.57, ISF: 95, Target: 100; Eventual BG 95 < 100, 29m@-0.625 = -0.302 < req -0.10526315789473684-0.1875", 
  "rate": 0.425, 
  "COB": 0, 
  "eventualBG": 95, 
  "timestamp": "2017-07-03T09:17:50.210151", 
  "duration": 30, 
  "tick": -4, 
  "IOB": -0.042
}