{
  "bg": 160, 
  "temp": "absolute", 
  "snoozeBG": 144, 
  "recieved": true, 
  "predBGs": {
    "COB": [
      160, 
      162, 
      163, 
      162, 
      161, 
      158, 
      154, 
      151, 
      147, 
      143, 
      138, 
      134, 
      130, 
      125, 
      121, 
      116, 
      112, 
      107, 
      103, 
      99, 
      96, 
      92, 
      89, 
      86, 
      83, 
      80, 
      77, 
      75, 
      73, 
      71, 
      69, 
      67, 
      66, 
      65, 
      64, 
      64, 
      63
    ], 
    "aCOB": [
      160, 
      163, 
      165, 
      164, 
      161, 
      157, 
      153, 
      149, 
      145, 
      141, 
      137, 
      133, 
      128, 
      124, 
      119, 
      115, 
      110, 
      106, 
      102, 
      98, 
      94, 
      91, 
      88, 
      84, 
      81, 
      79, 
      76, 
      74, 
      71, 
      69, 
      68, 
      66, 
      65, 
      64, 
      63, 
      62
    ], 
    "IOB": [
      160, 
      162, 
      164, 
      166, 
      167, 
      167, 
      167, 
      167, 
      165, 
      163, 
      160, 
      156, 
      152, 
      147, 
      143, 
      138, 
      134, 
      129, 
      125, 
      121, 
      118, 
      114, 
      111, 
      108, 
      105, 
      102, 
      99, 
      97, 
      95, 
      93, 
      91, 
      89, 
      88, 
      87, 
      86, 
      85
    ]
  }, 
  "rate": 1.375, 
  "reason": "COB: 4, Dev: 43, BGI: -4.19, ISF: 74.1, Target: 115; Eventual BG 144>=115, 28m@1.480 = 0.691 > req 0.39136302294197034+0.1U", 
  "eventualBG": 144, 
  "timestamp": "2016-06-03T08:18:32.150005", 
  "duration": 30, 
  "tick": "+3"
}