{
  "bg": 167, 
  "temp": "absolute", 
  "snoozeBG": 142, 
  "recieved": true, 
  "predBGs": {
    "COB": [
      167, 
      176, 
      183, 
      189, 
      194, 
      197, 
      200, 
      201, 
      201, 
      201, 
      200, 
      198, 
      196, 
      194, 
      191, 
      187, 
      183, 
      180, 
      176, 
      172, 
      168, 
      165, 
      162, 
      159, 
      156, 
      153, 
      151, 
      148, 
      146, 
      143, 
      141, 
      139, 
      137, 
      136, 
      135, 
      134
    ], 
    "aCOB": [
      167, 
      171, 
      174, 
      176, 
      177, 
      177, 
      176, 
      174, 
      172, 
      169, 
      166, 
      162, 
      159, 
      155, 
      151, 
      147, 
      142, 
      139, 
      135, 
      132, 
      129, 
      126, 
      125, 
      123, 
      122, 
      122, 
      122, 
      122, 
      123, 
      123, 
      124, 
      125, 
      126, 
      127, 
      128, 
      129, 
      131
    ], 
    "IOB": [
      167, 
      175, 
      181, 
      185, 
      187, 
      186, 
      184, 
      180, 
      175, 
      168, 
      160, 
      150, 
      139, 
      128, 
      117, 
      107, 
      96, 
      86, 
      77, 
      68, 
      60, 
      52, 
      45, 
      39
    ]
  }, 
  "rate": 1.425, 
  "reason": "COB: 53, Dev: 88, BGI: -5.61, Target: 115; Eventual BG 134>=115, 27m@1.400 = 0.630 > req 0.28963414634146345+0.1U", 
  "eventualBG": 134, 
  "timestamp": "2016-04-28T21:03:23.446835", 
  "duration": 30, 
  "tick": "+9"
}