{
  "bg": 87, 
  "temp": "absolute", 
  "snoozeBG": 99, 
  "recieved": true, 
  "predBGs": {
    "IOB": [
      87, 
      85, 
      84, 
      83, 
      82, 
      82, 
      82, 
      83, 
      83, 
      85, 
      86, 
      88, 
      90, 
      92, 
      94, 
      96, 
      98, 
      100, 
      102, 
      104, 
      106, 
      107, 
      109, 
      111, 
      112, 
      113, 
      115, 
      116, 
      117, 
      117, 
      118, 
      118, 
      119, 
      119, 
      120
    ]
  }, 
  "reason": "COB: 0, Dev: -17, BGI: 1.05, ISF: 95, Target: 100; Eventual BG 99 < 100, 21m@-0.600 = -0.210 < req -0.021052631578947368-0.18", 
  "rate": 0.55, 
  "COB": 0, 
  "eventualBG": 99, 
  "timestamp": "2017-07-07T13:35:31.427396", 
  "duration": 30, 
  "tick": -1, 
  "IOB": -0.3
}