{
  "bg": 185, 
  "temp": "absolute", 
  "snoozeBG": 135, 
  "recieved": true, 
  "predBGs": {
    "COB": [
      185, 
      187, 
      188, 
      188, 
      187, 
      184, 
      181, 
      177, 
      172, 
      166, 
      160, 
      154, 
      148, 
      142, 
      137, 
      131, 
      126, 
      121, 
      116, 
      111, 
      107, 
      103, 
      99, 
      96, 
      93, 
      91, 
      89, 
      87, 
      85, 
      84, 
      83, 
      82, 
      81, 
      80, 
      79
    ], 
    "aCOB": [
      185, 
      188, 
      190, 
      190, 
      189, 
      186, 
      182, 
      177, 
      171, 
      165, 
      159, 
      153, 
      147, 
      142, 
      136, 
      131, 
      125, 
      120, 
      115, 
      111, 
      106, 
      102, 
      99, 
      96, 
      93, 
      90, 
      88, 
      87, 
      85, 
      83, 
      82, 
      81, 
      80, 
      80, 
      79, 
      78
    ], 
    "IOB": [
      185, 
      188, 
      189, 
      190, 
      189, 
      188, 
      186, 
      183, 
      180, 
      176, 
      171, 
      166, 
      160, 
      155, 
      149, 
      144, 
      138, 
      133, 
      128, 
      124, 
      119, 
      115, 
      112, 
      108, 
      106, 
      103, 
      101, 
      99, 
      98, 
      96, 
      95, 
      94, 
      93, 
      92, 
      92, 
      91
    ]
  }, 
  "rate": 1.05, 
  "reason": "COB: 9, Dev: 52, BGI: -5.68, Target: 115; Eventual BG 134>=115, 28m@0.960 = 0.448 > req 0.2423469387755102+0.1U", 
  "eventualBG": 134, 
  "timestamp": "2016-05-04T11:00:07.641916", 
  "duration": 30, 
  "tick": "+3"
}