{
  "requested": {
    "duration": 30, 
    "rate": 1.6, 
    "temp": "absolute"
  }, 
  "bg": 163, 
  "temp": "absolute", 
  "snoozeBG": 149, 
  "timestamp": "2016-04-24T13:21:28.549127", 
  "predBGs": {
    "COB": [
      163, 
      167, 
      170, 
      173, 
      175, 
      177, 
      178, 
      179, 
      179, 
      179, 
      178, 
      177, 
      175, 
      173, 
      171, 
      169, 
      167, 
      164, 
      162, 
      160, 
      158, 
      156, 
      155, 
      154, 
      153, 
      152, 
      151, 
      150, 
      150, 
      149
    ], 
    "aCOB": [
      163, 
      169, 
      174, 
      178, 
      182, 
      185, 
      188, 
      190, 
      191, 
      191, 
      191, 
      191, 
      190, 
      188, 
      187, 
      185, 
      182, 
      180, 
      178, 
      175, 
      173, 
      171, 
      169, 
      167, 
      165, 
      163, 
      161, 
      160, 
      158, 
      156, 
      154, 
      153, 
      151, 
      150, 
      149, 
      149, 
      148
    ], 
    "IOB": [
      163, 
      166, 
      169, 
      170, 
      171, 
      170, 
      169, 
      166, 
      163, 
      158, 
      153, 
      147, 
      139, 
      132, 
      125, 
      118, 
      111, 
      104, 
      98, 
      92, 
      86, 
      81, 
      76, 
      72, 
      68, 
      64, 
      61, 
      58, 
      55, 
      53, 
      51, 
      50, 
      48, 
      47, 
      46, 
      46, 
      45
    ]
  }, 
  "rate": 2.0, 
  "reason": "COB: 41, Dev: 48, BGI: -3.94, Target: 115; Eventual BG 149>=120, 29m@1.400 = 0.677 > req 0.5097451274362819+0.1U", 
  "eventualBG": 149, 
  "recieved": false, 
  "duration": 29, 
  "tick": "+4"
}