{
  "bg": 110, 
  "temp": "absolute", 
  "snoozeBG": 221, 
  "recieved": true, 
  "predBGs": {
    "COB": [
      110, 
      115, 
      120, 
      124, 
      128, 
      131, 
      134, 
      136, 
      137, 
      138, 
      137, 
      135, 
      132, 
      128, 
      124, 
      119, 
      114, 
      109, 
      105, 
      101, 
      97, 
      94, 
      91, 
      89, 
      87, 
      86, 
      85, 
      84, 
      84, 
      84, 
      85, 
      86, 
      88, 
      90, 
      93, 
      97, 
      100
    ], 
    "aCOB": [
      110, 
      119, 
      127, 
      135, 
      142, 
      149, 
      155, 
      160, 
      165, 
      168, 
      170, 
      171, 
      171, 
      169, 
      167, 
      164, 
      161, 
      159, 
      156, 
      154, 
      152, 
      151, 
      149, 
      148, 
      148, 
      147, 
      147, 
      147, 
      148, 
      149, 
      151, 
      152, 
      155, 
      157, 
      160, 
      163, 
      167
    ], 
    "IOB": [
      110, 
      115, 
      118, 
      121, 
      123, 
      125, 
      125, 
      124, 
      122, 
      118, 
      113, 
      106, 
      98, 
      89, 
      79, 
      69, 
      59, 
      49, 
      40, 
      39
    ]
  }, 
  "rate": 1.625, 
  "reason": "COB: 54, Dev: 37, BGI: -1.09, ISF: 84.2, Target: 80; Eventual BG 100>=80, 29m@0.965 = 0.466 > req 0.2375296912114014+0.1U", 
  "eventualBG": 100, 
  "timestamp": "2016-05-21T20:51:05.767247", 
  "duration": 28, 
  "tick": "+5"
}