{
  "requested": {
    "duration": 30, 
    "rate": 1, 
    "temp": "absolute"
  }, 
  "bg": 175, 
  "temp": "absolute", 
  "snoozeBG": 127, 
  "timestamp": "2016-04-27T11:31:14.580485", 
  "predBGs": {
    "COB": [
      175, 
      178, 
      180, 
      181, 
      180, 
      179, 
      175, 
      171, 
      166, 
      161, 
      155, 
      149, 
      144, 
      138, 
      132, 
      127, 
      121, 
      116, 
      111, 
      107, 
      102, 
      98, 
      95, 
      91, 
      88, 
      85, 
      83, 
      80, 
      78, 
      77, 
      75, 
      74, 
      73, 
      73, 
      72, 
      72, 
      71
    ], 
    "aCOB": [
      175, 
      180, 
      182, 
      183, 
      182, 
      180, 
      175, 
      170, 
      165, 
      159, 
      154, 
      148, 
      143, 
      137, 
      131, 
      126, 
      120, 
      115, 
      110, 
      106, 
      101, 
      97, 
      93, 
      90, 
      87, 
      84, 
      82, 
      79, 
      77, 
      76, 
      74, 
      73, 
      72, 
      71, 
      71, 
      70
    ], 
    "IOB": [
      175, 
      179, 
      181, 
      183, 
      184, 
      185, 
      184, 
      182, 
      180, 
      177, 
      172, 
      167, 
      162, 
      156, 
      150, 
      145, 
      139, 
      134, 
      129, 
      125, 
      120, 
      116, 
      113, 
      109, 
      106, 
      103, 
      101, 
      98, 
      96, 
      95, 
      93, 
      92, 
      91, 
      91, 
      90, 
      90, 
      89
    ]
  }, 
  "rate": 1.55, 
  "reason": "COB: 8, Dev: 47, BGI: -3.78, Target: 115; Eventual BG 127>=120, 30m@0.920 = 0.460 > req 0.1889763779527559+0.1U", 
  "eventualBG": 127, 
  "recieved": false, 
  "duration": 29, 
  "tick": "+5"
}