{
  "bg": 109, 
  "temp": "absolute", 
  "snoozeBG": 126, 
  "recieved": true, 
  "predBGs": {
    "COB": [
      109, 
      111, 
      113, 
      116, 
      119, 
      123, 
      126, 
      131, 
      135, 
      140, 
      145, 
      150, 
      156, 
      162, 
      168, 
      174, 
      180, 
      187, 
      193, 
      200, 
      206, 
      211, 
      217, 
      223, 
      228, 
      234, 
      239, 
      244, 
      250, 
      255, 
      260, 
      265, 
      270, 
      275, 
      280, 
      285, 
      289
    ], 
    "aCOB": [
      109, 
      110, 
      111, 
      113, 
      115, 
      118, 
      121, 
      124, 
      128, 
      132, 
      137, 
      141, 
      146, 
      152, 
      157, 
      163, 
      168, 
      174, 
      180, 
      186, 
      192, 
      197, 
      203, 
      208, 
      213, 
      218, 
      223, 
      228, 
      234, 
      239, 
      244, 
      248, 
      253, 
      258, 
      263, 
      268, 
      273
    ], 
    "IOB": [
      109, 
      110, 
      111, 
      111, 
      111, 
      111, 
      111, 
      110, 
      108, 
      106, 
      104, 
      101, 
      98, 
      95, 
      92, 
      90, 
      88, 
      86, 
      84, 
      83, 
      81, 
      80, 
      78, 
      77, 
      75, 
      74, 
      72, 
      71, 
      70, 
      69, 
      68, 
      68, 
      67, 
      66, 
      66, 
      65
    ]
  }, 
  "rate": 1.1, 
  "reason": "COB: 81, Dev: 66, BGI: -9.03, Target: 115; Eventual BG 289>=115, 22m@1.070 = 0.392 > req 0.15406162464985992+0.1U", 
  "eventualBG": 289, 
  "timestamp": "2016-05-01T20:06:03.206036", 
  "duration": 30, 
  "tick": "+2"
}