{
  "bg": 143, 
  "temp": "absolute", 
  "snoozeBG": 142, 
  "recieved": true, 
  "predBGs": {
    "COB": [
      143, 
      147, 
      150, 
      153, 
      155, 
      157, 
      159, 
      160, 
      160, 
      160, 
      159, 
      158, 
      156, 
      154, 
      151, 
      147, 
      143, 
      140, 
      136, 
      133, 
      130, 
      127, 
      124, 
      122, 
      119, 
      117, 
      115, 
      113, 
      111, 
      109, 
      108, 
      107, 
      106, 
      105, 
      104, 
      103
    ], 
    "aCOB": [
      143, 
      148, 
      153, 
      157, 
      160, 
      163, 
      165, 
      166, 
      166, 
      165, 
      163, 
      161, 
      157, 
      154, 
      150, 
      146, 
      142, 
      139, 
      135, 
      132, 
      129, 
      126, 
      123, 
      121, 
      118, 
      116, 
      114, 
      112, 
      110, 
      108, 
      107, 
      106, 
      104, 
      104, 
      103, 
      102
    ], 
    "IOB": [
      143, 
      146, 
      149, 
      152, 
      154, 
      155, 
      155, 
      155, 
      155, 
      153, 
      151, 
      148, 
      144, 
      141, 
      137, 
      133, 
      130, 
      126, 
      122, 
      119, 
      116, 
      113, 
      111, 
      108, 
      105, 
      103, 
      101, 
      99, 
      97, 
      96, 
      94, 
      93, 
      92, 
      91, 
      90, 
      89
    ]
  }, 
  "rate": 1.375, 
  "reason": "COB: 12, Dev: 47, BGI: -3.89, ISF: 71.4, Target: 115; Eventual BG 142>=115, 28m@1.460 = 0.681 > req 0.37815126050420167+0.1U", 
  "eventualBG": 142, 
  "timestamp": "2016-06-01T08:24:33.797270", 
  "duration": 30, 
  "tick": "+4"
}