{
  "bg": 193, 
  "temp": "absolute", 
  "snoozeBG": 128, 
  "recieved": true, 
  "predBGs": {
    "COB": [
      193, 
      195, 
      196, 
      197, 
      197, 
      197, 
      196, 
      194, 
      192, 
      188, 
      185, 
      181, 
      177, 
      172, 
      168, 
      163, 
      158, 
      154, 
      149, 
      145, 
      141, 
      137, 
      134, 
      131, 
      129, 
      127, 
      125, 
      124, 
      123, 
      123, 
      123, 
      124, 
      124, 
      125, 
      127, 
      128, 
      129
    ], 
    "aCOB": [
      193, 
      201, 
      209, 
      216, 
      222, 
      227, 
      231, 
      235, 
      237, 
      238, 
      239, 
      238, 
      238, 
      236, 
      235, 
      232, 
      230, 
      227, 
      225, 
      222, 
      219, 
      216, 
      213, 
      211, 
      208, 
      206, 
      204, 
      201, 
      199, 
      198, 
      196, 
      194, 
      193, 
      192, 
      191, 
      190
    ], 
    "IOB": [
      193, 
      195, 
      195, 
      196, 
      195, 
      193, 
      191, 
      188, 
      184, 
      179, 
      173, 
      166, 
      159, 
      152, 
      145, 
      138, 
      131, 
      124, 
      117, 
      110, 
      104, 
      97, 
      92, 
      87, 
      82, 
      78, 
      74, 
      71, 
      68, 
      65, 
      63, 
      62, 
      60, 
      59, 
      58, 
      58, 
      57
    ]
  }, 
  "rate": 0.85, 
  "reason": "COB: 35, Dev: 19, BGI: -1.23, Target: 115; Eventual BG 129>=115, 28m@1.490 = 0.695 > req 0.16414141414141414+0.1U", 
  "eventualBG": 129, 
  "timestamp": "2016-05-13T11:20:13.000362", 
  "duration": 30, 
  "tick": "+2"
}