{
  "bg": 216, 
  "temp": "absolute", 
  "snoozeBG": 170, 
  "recieved": true, 
  "predBGs": {
    "COB": [
      216, 
      220, 
      223, 
      225, 
      226, 
      226, 
      226, 
      225, 
      224, 
      222, 
      219, 
      216, 
      213, 
      209, 
      205, 
      202, 
      198, 
      195, 
      191, 
      188, 
      185, 
      183, 
      180, 
      178, 
      177, 
      176, 
      174, 
      173, 
      173, 
      172, 
      172, 
      171, 
      171, 
      171, 
      171, 
      171, 
      170
    ], 
    "aCOB": [
      216, 
      222, 
      226, 
      230, 
      233, 
      234, 
      235, 
      236, 
      235, 
      234, 
      232, 
      230, 
      227, 
      224, 
      220, 
      217, 
      213, 
      209, 
      206, 
      202, 
      199, 
      196, 
      193, 
      190, 
      187, 
      185, 
      182, 
      180, 
      178, 
      176, 
      174, 
      173, 
      171, 
      171, 
      170, 
      170, 
      169
    ], 
    "IOB": [
      216, 
      219, 
      221, 
      222, 
      221, 
      220, 
      217, 
      213, 
      208, 
      202, 
      195, 
      187, 
      178, 
      169, 
      161, 
      152, 
      144, 
      137, 
      129, 
      122, 
      116, 
      110, 
      105, 
      100, 
      96, 
      92, 
      89, 
      86, 
      83, 
      81, 
      79, 
      78, 
      77, 
      76, 
      75
    ]
  }, 
  "rate": 1.375, 
  "reason": "COB: 36, Dev: 49, BGI: -4.1, Target: 80; Eventual BG 170>=80, max_iob 2, 23m@1.410 = 0.541 > req 0.4039999999999999+0.1U", 
  "eventualBG": 170, 
  "timestamp": "2016-04-22T11:04:50.952373", 
  "duration": 30, 
  "tick": "+4"
}