{
  "bg": 106, 
  "temp": "absolute", 
  "snoozeBG": 83, 
  "recieved": true, 
  "predBGs": {
    "COB": [
      106, 
      112, 
      116, 
      120, 
      123, 
      125, 
      126, 
      126, 
      126, 
      126, 
      125, 
      124, 
      122, 
      120, 
      117, 
      115, 
      112, 
      108, 
      105, 
      102, 
      99, 
      96, 
      94, 
      92, 
      90, 
      88, 
      87, 
      86, 
      86, 
      85, 
      85, 
      84, 
      84, 
      83
    ], 
    "aCOB": [
      106, 
      113, 
      119, 
      124, 
      128, 
      131, 
      132, 
      133, 
      133, 
      132, 
      130, 
      129, 
      126, 
      123, 
      119, 
      115, 
      111, 
      108, 
      104, 
      101, 
      98, 
      95, 
      93, 
      91, 
      89, 
      88, 
      86, 
      85, 
      85, 
      84, 
      84, 
      83, 
      83, 
      82
    ], 
    "IOB": [
      106, 
      111, 
      116, 
      119, 
      121, 
      122, 
      121, 
      120, 
      118, 
      116, 
      112, 
      109, 
      104, 
      100, 
      96, 
      92, 
      88, 
      84, 
      81, 
      78, 
      75, 
      72, 
      70, 
      68, 
      66, 
      64, 
      63, 
      62, 
      61, 
      61, 
      60, 
      60, 
      60, 
      59
    ]
  }, 
  "rate": 0.55, 
  "reason": "COB: 16, Dev: 49, BGI: -2.19, ISF: 82.5, Target: 81; Eventual BG 83>=81, 23m@0.635 = 0.243 > req 0.024242424242424242+0.1U", 
  "COB": 16, 
  "eventualBG": 83, 
  "timestamp": "2016-06-11T15:26:34.897649", 
  "duration": 30, 
  "tick": "+6", 
  "IOB": 0.899
}