{
  "bg": 123, 
  "temp": "absolute", 
  "snoozeBG": 138, 
  "recieved": true, 
  "predBGs": {
    "COB": [
      123, 
      126, 
      128, 
      131, 
      133, 
      135, 
      137, 
      138, 
      139, 
      139, 
      139, 
      139, 
      138, 
      137, 
      136, 
      135, 
      133, 
      132, 
      131, 
      130, 
      129, 
      127, 
      127, 
      126, 
      125, 
      124, 
      124, 
      123, 
      123, 
      122, 
      122, 
      122, 
      123, 
      123, 
      124, 
      124, 
      125
    ], 
    "aCOB": [
      123, 
      133, 
      142, 
      150, 
      157, 
      162, 
      166, 
      169, 
      171, 
      172, 
      171, 
      169, 
      167, 
      164, 
      161, 
      159, 
      156, 
      153, 
      151, 
      148, 
      146, 
      143, 
      141, 
      139, 
      137, 
      136, 
      134, 
      133, 
      131, 
      130, 
      129, 
      128, 
      128, 
      127
    ], 
    "IOB": [
      123, 
      125, 
      128, 
      130, 
      132, 
      133, 
      134, 
      135, 
      134, 
      134, 
      132, 
      130, 
      128, 
      125, 
      123, 
      120, 
      117, 
      115, 
      112, 
      110, 
      107, 
      105, 
      103, 
      101, 
      99, 
      97, 
      96, 
      94, 
      93, 
      91, 
      90, 
      90, 
      89, 
      89, 
      88
    ]
  }, 
  "rate": 0.8, 
  "reason": "COB: 11, Dev: 14, BGI: 0.59, Target: 115; Eventual BG 125>=120, 23m@0.625 = 0.240 > req 0.1187648456057007+0.1U", 
  "eventualBG": 125, 
  "timestamp": "2016-04-20T09:48:55.086448", 
  "duration": 30, 
  "tick": "+3"
}