{
  "bg": 140, 
  "temp": "absolute", 
  "snoozeBG": 149, 
  "recieved": true, 
  "predBGs": {
    "COB": [
      140, 
      141, 
      142, 
      144, 
      145, 
      147, 
      149, 
      151, 
      153, 
      156, 
      157, 
      159, 
      161, 
      162, 
      163, 
      164, 
      164, 
      164, 
      165, 
      165, 
      165, 
      165, 
      165, 
      166, 
      166, 
      167, 
      167, 
      168, 
      169, 
      171, 
      172, 
      174, 
      175, 
      177, 
      179, 
      181, 
      183
    ], 
    "aCOB": [
      140, 
      147, 
      154, 
      161, 
      169, 
      176, 
      183, 
      190, 
      197, 
      204, 
      210, 
      216, 
      222, 
      227, 
      231, 
      236, 
      239, 
      243, 
      246, 
      248, 
      251, 
      253, 
      256, 
      258, 
      260, 
      262, 
      265, 
      267, 
      269, 
      271, 
      273, 
      275, 
      277, 
      279, 
      280, 
      282, 
      284
    ], 
    "IOB": [
      140, 
      141, 
      141, 
      142, 
      143, 
      143, 
      144, 
      144, 
      143, 
      143, 
      142, 
      141, 
      139, 
      137, 
      135, 
      132, 
      129, 
      127, 
      124, 
      120, 
      117, 
      115, 
      112, 
      109, 
      107, 
      104, 
      102, 
      100, 
      98, 
      97, 
      95, 
      94, 
      93, 
      92, 
      92, 
      91
    ]
  }, 
  "rate": 1.125, 
  "reason": "COB: 44, Dev: 22, BGI: -2.74, ISF: 93, Target: 115; Eventual BG 183>=115, 28m@1.170 = 0.546 > req 0.3655913978494624+0.1U", 
  "eventualBG": 183, 
  "timestamp": "2016-05-24T15:46:57.506728", 
  "duration": 30, 
  "tick": "+1"
}