{
  "bg": 107, 
  "temp": "absolute", 
  "snoozeBG": 135, 
  "recieved": true, 
  "predBGs": {
    "COB": [
      107, 
      110, 
      112, 
      115, 
      118, 
      121, 
      124, 
      127, 
      130, 
      132, 
      134, 
      136, 
      138, 
      139, 
      140, 
      140, 
      141, 
      141, 
      142, 
      142, 
      142, 
      143, 
      143, 
      144, 
      144, 
      145, 
      146, 
      147, 
      148, 
      149, 
      150, 
      151, 
      153, 
      155, 
      156, 
      158, 
      160
    ], 
    "aCOB": [
      107, 
      115, 
      124, 
      132, 
      140, 
      147, 
      155, 
      162, 
      169, 
      175, 
      181, 
      186, 
      190, 
      194, 
      198, 
      200, 
      203, 
      205, 
      207, 
      208, 
      209, 
      211, 
      211, 
      212, 
      213, 
      213, 
      214, 
      214, 
      214, 
      214, 
      213, 
      213, 
      212, 
      212, 
      211, 
      211, 
      210
    ], 
    "IOB": [
      107, 
      109, 
      112, 
      113, 
      115, 
      117, 
      118, 
      119, 
      119, 
      119, 
      119, 
      118, 
      116, 
      113, 
      111, 
      108, 
      105, 
      103, 
      100, 
      97, 
      94, 
      92, 
      89, 
      87, 
      85, 
      83, 
      81, 
      79, 
      77, 
      76, 
      74, 
      73, 
      72, 
      71, 
      71, 
      70
    ]
  }, 
  "rate": 1.1, 
  "reason": "COB: 41, Dev: 26, BGI: -1.36, Target: 115; Eventual BG 160>=120, 29m@0.825 = 0.399 > req 0.2724795640326975+0.1U", 
  "eventualBG": 160, 
  "timestamp": "2016-04-22T16:50:48.084922", 
  "duration": 30, 
  "tick": "+3"
}