{
  "bg": 179, 
  "temp": "absolute", 
  "snoozeBG": 157, 
  "recieved": true, 
  "predBGs": {
    "COB": [
      179, 
      180, 
      181, 
      181, 
      182, 
      183, 
      183, 
      183, 
      183, 
      183, 
      182, 
      181, 
      180, 
      179, 
      177, 
      175, 
      174, 
      172, 
      170, 
      168, 
      166, 
      164, 
      163, 
      161, 
      160, 
      159, 
      159, 
      158, 
      158, 
      157, 
      157, 
      158, 
      158, 
      158, 
      158, 
      159
    ], 
    "aCOB": [
      179, 
      183, 
      187, 
      191, 
      194, 
      198, 
      200, 
      203, 
      204, 
      205, 
      206, 
      206, 
      206, 
      206, 
      205, 
      203, 
      201, 
      199, 
      197, 
      195, 
      192, 
      189, 
      187, 
      184, 
      181, 
      178, 
      175, 
      172, 
      170, 
      168, 
      166, 
      164, 
      163, 
      162, 
      161, 
      160
    ], 
    "IOB": [
      179, 
      179, 
      180, 
      179, 
      178, 
      177, 
      175, 
      173, 
      170, 
      166, 
      161, 
      156, 
      150, 
      144, 
      139, 
      133, 
      127, 
      121, 
      116, 
      110, 
      105, 
      100, 
      96, 
      91, 
      87, 
      84, 
      81, 
      78, 
      75, 
      73, 
      71, 
      70, 
      68, 
      67, 
      66, 
      66, 
      65
    ]
  }, 
  "rate": 1.75, 
  "reason": "COB: 34, Dev: 38, BGI: -5.39, ISF: 71.4, Target: 115; Eventual BG 159>=115, 29m@1.440 = 0.696 > req 0.588235294117647+0.1U", 
  "eventualBG": 159, 
  "timestamp": "2016-05-22T16:45:26.298880", 
  "duration": 30, 
  "tick": "+1"
}