{
  "bg": 124, 
  "temp": "absolute", 
  "snoozeBG": 119, 
  "recieved": true, 
  "predBGs": {
    "COB": [
      124, 
      131, 
      137, 
      142, 
      146, 
      149, 
      150, 
      151, 
      151, 
      150, 
      149, 
      147, 
      145, 
      142, 
      139, 
      136, 
      132, 
      129, 
      126, 
      122, 
      119, 
      116, 
      113, 
      110, 
      107, 
      104, 
      102, 
      99, 
      97, 
      95, 
      94, 
      92, 
      91, 
      91, 
      90
    ], 
    "aCOB": [
      124, 
      130, 
      135, 
      139, 
      142, 
      144, 
      145, 
      145, 
      145, 
      144, 
      142, 
      140, 
      138, 
      135, 
      132, 
      128, 
      125, 
      122, 
      119, 
      116, 
      113, 
      110, 
      108, 
      106, 
      104, 
      102, 
      100, 
      98, 
      97, 
      96, 
      94, 
      93, 
      92, 
      91, 
      91, 
      91, 
      90
    ], 
    "IOB": [
      124, 
      130, 
      135, 
      139, 
      141, 
      141, 
      139, 
      136, 
      132, 
      127, 
      120, 
      113, 
      104, 
      96, 
      87, 
      79, 
      71, 
      63, 
      56, 
      49, 
      43, 
      39
    ]
  }, 
  "rate": 0.85, 
  "reason": "COB: 38, Dev: 67, BGI: -3.79, ISF: 72.1, Target: 80; Eventual BG 90>=80, 21m@0.815 = 0.285 > req 0.1386962552011096+0.1U", 
  "eventualBG": 90, 
  "timestamp": "2016-05-22T14:54:23.146363", 
  "duration": 30, 
  "tick": "+8"
}