{
  "bg": 150, 
  "temp": "absolute", 
  "snoozeBG": 144, 
  "recieved": true, 
  "predBGs": {
    "COB": [
      150, 
      152, 
      154, 
      156, 
      157, 
      158, 
      159, 
      159, 
      159, 
      160, 
      160, 
      160, 
      160, 
      160, 
      160, 
      159, 
      159, 
      158, 
      158, 
      157, 
      157, 
      156, 
      155, 
      154, 
      154, 
      153, 
      153, 
      152, 
      151, 
      150, 
      149, 
      148, 
      147, 
      146, 
      145, 
      145, 
      144
    ], 
    "aCOB": [
      150, 
      154, 
      157, 
      160, 
      163, 
      165, 
      166, 
      167, 
      169, 
      169, 
      170, 
      171, 
      171, 
      171, 
      171, 
      170, 
      169, 
      168, 
      167, 
      166, 
      164, 
      163, 
      161, 
      159, 
      157, 
      155, 
      153, 
      152, 
      150, 
      149, 
      148, 
      147, 
      146, 
      145, 
      144, 
      144, 
      143
    ], 
    "IOB": [
      150, 
      152, 
      153, 
      154, 
      153, 
      152, 
      150, 
      147, 
      145, 
      141, 
      137, 
      133, 
      128, 
      123, 
      118, 
      114, 
      110, 
      105, 
      102, 
      98, 
      94, 
      91, 
      88, 
      86, 
      83, 
      81, 
      80, 
      78, 
      77, 
      75, 
      74, 
      73, 
      72, 
      71, 
      71, 
      70
    ]
  }, 
  "rate": 1.425, 
  "reason": "COB: 31, Dev: 50, BGI: -5.66, ISF: 72.1, Target: 115; Eventual BG 144>=115, 29m@1.160 = 0.561 > req 0.4022191400832178+0.1U", 
  "eventualBG": 144, 
  "timestamp": "2016-05-18T10:56:46.385497", 
  "duration": 30, 
  "tick": "+6"
}