{
  "bg": 204, 
  "temp": "absolute", 
  "snoozeBG": 135, 
  "recieved": true, 
  "predBGs": {
    "COB": [
      204, 
      204, 
      204, 
      203, 
      202, 
      201, 
      199, 
      196, 
      193, 
      190, 
      186, 
      183, 
      179, 
      175, 
      171, 
      166, 
      162, 
      158, 
      154, 
      150, 
      147, 
      143, 
      140, 
      137, 
      135, 
      132, 
      130, 
      128, 
      126, 
      124, 
      123, 
      122, 
      121, 
      121, 
      120
    ], 
    "aCOB": [
      204, 
      210, 
      215, 
      216, 
      216, 
      213, 
      210, 
      206, 
      201, 
      197, 
      192, 
      187, 
      182, 
      177, 
      172, 
      167, 
      162, 
      157, 
      153, 
      148, 
      144, 
      140, 
      137, 
      134, 
      131, 
      128, 
      126, 
      124, 
      122, 
      121, 
      119, 
      118, 
      118, 
      117, 
      117, 
      116
    ], 
    "IOB": [
      204, 
      204, 
      204, 
      203, 
      201, 
      199, 
      197, 
      194, 
      190, 
      186, 
      182, 
      177, 
      172, 
      167, 
      162, 
      157, 
      152, 
      147, 
      142, 
      138, 
      134, 
      130, 
      127, 
      123, 
      120, 
      118, 
      115, 
      113, 
      112, 
      110, 
      109, 
      108, 
      107, 
      107, 
      106
    ]
  }, 
  "rate": 1.175, 
  "reason": "COB: 8, Dev: 10, BGI: -1.74, Target: 115; Eventual BG 135>=115, 20m@1.390 = 0.463 > req 0.30487804878048785+0.1U", 
  "eventualBG": 135, 
  "timestamp": "2016-05-10T11:35:10.054290", 
  "duration": 30, 
  "tick": "+0"
}