{
  "bg": 172, 
  "temp": "absolute", 
  "snoozeBG": 144, 
  "recieved": true, 
  "predBGs": {
    "COB": [
      172, 
      178, 
      183, 
      187, 
      190, 
      192, 
      193, 
      194, 
      194, 
      193, 
      192, 
      191, 
      189, 
      187, 
      185, 
      183, 
      180, 
      177, 
      175, 
      172, 
      169, 
      166, 
      164, 
      161, 
      159, 
      157, 
      155, 
      153, 
      151, 
      150, 
      148, 
      147, 
      146, 
      145, 
      145, 
      144
    ], 
    "aCOB": [
      172, 
      179, 
      185, 
      190, 
      194, 
      197, 
      199, 
      201, 
      201, 
      201, 
      200, 
      199, 
      197, 
      195, 
      193, 
      190, 
      188, 
      184, 
      181, 
      178, 
      174, 
      170, 
      167, 
      163, 
      160, 
      157, 
      154, 
      152, 
      150, 
      149, 
      148, 
      147, 
      146, 
      145, 
      144, 
      143
    ], 
    "IOB": [
      172, 
      177, 
      181, 
      184, 
      186, 
      186, 
      185, 
      183, 
      179, 
      175, 
      170, 
      164, 
      157, 
      151, 
      145, 
      138, 
      132, 
      126, 
      121, 
      115, 
      110, 
      105, 
      101, 
      97, 
      94, 
      91, 
      88, 
      86, 
      84, 
      83, 
      81, 
      80, 
      79, 
      79, 
      78, 
      77
    ]
  }, 
  "rate": 1.85, 
  "reason": "COB: 27, Dev: 52, BGI: -2.63, ISF: 70.2, Target: 115; Eventual BG 144>=115, 28m@1.280 = 0.597 > req 0.4131054131054131+0.1U", 
  "eventualBG": 144, 
  "timestamp": "2016-05-18T18:02:11.419234", 
  "duration": 27, 
  "tick": "+8"
}