{
  "bg": 149, 
  "temp": "absolute", 
  "snoozeBG": 92, 
  "recieved": true, 
  "predBGs": {
    "COB": [
      149, 
      150, 
      149, 
      149, 
      147, 
      145, 
      142, 
      138, 
      134, 
      129, 
      124, 
      120, 
      115, 
      111, 
      108, 
      105, 
      102, 
      99, 
      97, 
      95, 
      94, 
      93, 
      92, 
      92, 
      92, 
      93, 
      94, 
      96, 
      98, 
      101, 
      104, 
      107, 
      110, 
      113, 
      116, 
      119, 
      122
    ], 
    "aCOB": [
      149, 
      152, 
      154, 
      156, 
      157, 
      157, 
      156, 
      154, 
      151, 
      148, 
      145, 
      142, 
      139, 
      136, 
      134, 
      132, 
      130, 
      129, 
      127, 
      126, 
      126, 
      125, 
      125, 
      126, 
      126, 
      127, 
      128, 
      130, 
      132, 
      135, 
      137, 
      140, 
      143, 
      145, 
      148, 
      150, 
      152
    ], 
    "IOB": [
      149, 
      149, 
      148, 
      146, 
      142, 
      138, 
      132, 
      124, 
      116, 
      107, 
      97, 
      86, 
      76, 
      66, 
      57, 
      48, 
      40, 
      39
    ]
  }, 
  "rate": 0.75, 
  "reason": "COB: 50, Dev: 45, BGI: -6.77, ISF: 85.1, Target: 80; Eventual BG 122>=80, 28m@0.705 = 0.329 > req 0.1410105757931845+0.1U", 
  "eventualBG": 122, 
  "timestamp": "2016-05-28T16:22:14.234939", 
  "duration": 30, 
  "tick": "+4"
}