{
  "bg": 131, 
  "temp": "absolute", 
  "snoozeBG": 129, 
  "recieved": true, 
  "predBGs": {
    "COB": [
      131, 
      133, 
      135, 
      137, 
      138, 
      138, 
      137, 
      136, 
      135, 
      132, 
      130, 
      128, 
      125, 
      123, 
      120, 
      118, 
      116, 
      114, 
      112, 
      110, 
      109, 
      107, 
      105, 
      104, 
      102, 
      101, 
      99, 
      98, 
      97, 
      96, 
      95, 
      94, 
      94, 
      93
    ], 
    "aCOB": [
      131, 
      136, 
      140, 
      142, 
      142, 
      140, 
      138, 
      135, 
      133, 
      131, 
      128, 
      126, 
      123, 
      121, 
      118, 
      116, 
      114, 
      112, 
      110, 
      109, 
      107, 
      105, 
      103, 
      102, 
      100, 
      99, 
      97, 
      96, 
      95, 
      94, 
      93, 
      93, 
      92, 
      92, 
      91
    ], 
    "IOB": [
      131, 
      134, 
      136, 
      138, 
      139, 
      140, 
      140, 
      140, 
      140, 
      139, 
      137, 
      135, 
      133, 
      131, 
      128, 
      126, 
      124, 
      122, 
      120, 
      118, 
      117, 
      115, 
      113, 
      112, 
      110, 
      109, 
      107, 
      106, 
      105, 
      104, 
      103, 
      102, 
      102, 
      101
    ]
  }, 
  "rate": 0.925, 
  "reason": "COB: 5, Dev: 35, BGI: -2.88, ISF: 76.9, Target: 115; Eventual BG 129>=115, 15m@1.150 = 0.287 > req 0.18205461638491546+0.1U", 
  "eventualBG": 129, 
  "timestamp": "2016-05-20T08:33:59.541275", 
  "duration": 30, 
  "tick": "+3"
}