{
  "bg": 167, 
  "temp": "absolute", 
  "snoozeBG": 140, 
  "recieved": true, 
  "predBGs": {
    "COB": [
      167, 
      168, 
      169, 
      169, 
      169, 
      168, 
      167, 
      166, 
      164, 
      162, 
      160, 
      158, 
      155, 
      153, 
      151, 
      149, 
      147, 
      145, 
      144, 
      142, 
      141, 
      141, 
      140, 
      140, 
      140, 
      140, 
      141, 
      142, 
      143, 
      144, 
      145, 
      147, 
      148, 
      150, 
      152, 
      154, 
      155
    ], 
    "aCOB": [
      167, 
      172, 
      176, 
      180, 
      183, 
      185, 
      187, 
      189, 
      189, 
      190, 
      190, 
      189, 
      188, 
      188, 
      187, 
      186, 
      185, 
      184, 
      183, 
      182, 
      181, 
      180, 
      180, 
      179, 
      178, 
      178, 
      178, 
      177, 
      177, 
      176, 
      176, 
      176, 
      175, 
      174, 
      174, 
      173
    ], 
    "IOB": [
      167, 
      168, 
      168, 
      167, 
      165, 
      162, 
      159, 
      155, 
      150, 
      145, 
      139, 
      132, 
      125, 
      118, 
      111, 
      105, 
      98, 
      93, 
      87, 
      82, 
      77, 
      73, 
      68, 
      65, 
      61, 
      58, 
      56, 
      53, 
      52, 
      50, 
      48, 
      47, 
      46, 
      46, 
      45, 
      45, 
      44
    ]
  }, 
  "rate": 1.35, 
  "reason": "COB: 45, Dev: 35, BGI: -4.84, Target: 115; Eventual BG 155>=120, 29m@1.000 = 0.483 > req 0.3748125937031484+0.1U", 
  "eventualBG": 155, 
  "timestamp": "2016-04-24T13:36:57.271886", 
  "duration": 30, 
  "tick": "+1"
}