{
  "bg": 175, 
  "temp": "absolute", 
  "snoozeBG": 139, 
  "recieved": true, 
  "predBGs": {
    "COB": [
      175, 
      178, 
      181, 
      183, 
      185, 
      186, 
      186, 
      186, 
      185, 
      184, 
      182, 
      179, 
      176, 
      173, 
      170, 
      166, 
      162, 
      159, 
      155, 
      152, 
      149, 
      146, 
      143, 
      141, 
      138, 
      136, 
      134, 
      133, 
      132, 
      130, 
      129, 
      129, 
      128, 
      128, 
      127
    ], 
    "aCOB": [
      175, 
      184, 
      191, 
      198, 
      203, 
      207, 
      211, 
      212, 
      213, 
      213, 
      211, 
      209, 
      205, 
      201, 
      195, 
      189, 
      183, 
      178, 
      172, 
      167, 
      162, 
      157, 
      152, 
      148, 
      145, 
      141, 
      138, 
      135, 
      133, 
      131, 
      129, 
      128, 
      127, 
      126, 
      125, 
      125, 
      124
    ], 
    "IOB": [
      175, 
      178, 
      180, 
      182, 
      183, 
      182, 
      181, 
      180, 
      177, 
      173, 
      169, 
      164, 
      159, 
      153, 
      147, 
      141, 
      135, 
      129, 
      124, 
      118, 
      113, 
      108, 
      104, 
      100, 
      96, 
      93, 
      90, 
      87, 
      85, 
      82, 
      81, 
      79, 
      78, 
      77, 
      77, 
      76
    ]
  }, 
  "rate": 0.85, 
  "reason": "COB: 16, Dev: 22, BGI: -0.68, Target: 115; Eventual BG 127>=120, 29m@0.895 = 0.433 > req 0.15894039735099338+0.1U", 
  "eventualBG": 127, 
  "timestamp": "2016-04-26T18:52:12.595322", 
  "duration": 30, 
  "tick": "+3"
}