{
  "bg": 224, 
  "temp": "absolute", 
  "snoozeBG": 155, 
  "recieved": true, 
  "predBGs": {
    "COB": [
      224, 
      225, 
      225, 
      225, 
      225, 
      224, 
      222, 
      221, 
      218, 
      216, 
      213, 
      210, 
      207, 
      204, 
      201, 
      198, 
      194, 
      191, 
      188, 
      185, 
      182, 
      179, 
      176, 
      173, 
      170, 
      167, 
      164, 
      162, 
      159, 
      158, 
      156, 
      154, 
      153, 
      152, 
      152, 
      151, 
      150
    ], 
    "aCOB": [
      224, 
      227, 
      229, 
      231, 
      232, 
      232, 
      232, 
      231, 
      230, 
      228, 
      225, 
      222, 
      219, 
      215, 
      212, 
      208, 
      203, 
      199, 
      194, 
      190, 
      185, 
      180, 
      176, 
      173, 
      169, 
      166, 
      163, 
      161, 
      158, 
      156, 
      155, 
      153, 
      152, 
      151, 
      150, 
      150, 
      149
    ], 
    "IOB": [
      224, 
      224, 
      224, 
      223, 
      221, 
      218, 
      215, 
      211, 
      206, 
      200, 
      194, 
      188, 
      180, 
      173, 
      166, 
      160, 
      154, 
      148, 
      142, 
      137, 
      132, 
      128, 
      124, 
      120, 
      116, 
      113, 
      110, 
      108, 
      106, 
      104, 
      102, 
      101, 
      99, 
      98, 
      98, 
      97
    ]
  }, 
  "rate": 1.7, 
  "reason": "COB: 23, Dev: 46, BGI: -6.72, ISF: 69.6, Target: 115; Eventual BG 155>=115, 29m@1.430 = 0.691 > req 0.574712643678161+0.1U", 
  "eventualBG": 155, 
  "timestamp": "2016-05-18T18:48:36.030988", 
  "duration": 30, 
  "tick": "+1"
}