{
  "bg": 165, 
  "temp": "absolute", 
  "snoozeBG": 132, 
  "recieved": true, 
  "predBGs": {
    "COB": [
      165, 
      165, 
      165, 
      164, 
      163, 
      161, 
      159, 
      156, 
      152, 
      148, 
      144, 
      141, 
      137, 
      133, 
      128, 
      124, 
      121, 
      117, 
      113, 
      109, 
      106, 
      102, 
      99, 
      96, 
      94, 
      91, 
      89, 
      87, 
      85, 
      83, 
      82, 
      81, 
      80, 
      79, 
      79, 
      78
    ], 
    "aCOB": [
      165, 
      168, 
      169, 
      168, 
      165, 
      161, 
      157, 
      154, 
      150, 
      146, 
      142, 
      138, 
      134, 
      130, 
      126, 
      122, 
      118, 
      114, 
      110, 
      107, 
      103, 
      100, 
      97, 
      94, 
      91, 
      89, 
      87, 
      84, 
      83, 
      81, 
      80, 
      79, 
      78, 
      77, 
      76
    ], 
    "IOB": [
      165, 
      165, 
      165, 
      165, 
      164, 
      164, 
      162, 
      161, 
      159, 
      156, 
      153, 
      149, 
      145, 
      141, 
      137, 
      133, 
      129, 
      125, 
      122, 
      118, 
      115, 
      111, 
      108, 
      105, 
      103, 
      100, 
      98, 
      96, 
      94, 
      92, 
      91, 
      90, 
      89, 
      88, 
      88, 
      87
    ]
  }, 
  "rate": 1.05, 
  "reason": "COB: 6, Dev: 33, BGI: -4.42, Target: 115; Eventual BG 132>=115, 20m@1.430 = 0.477 > req 0.24216524216524216+0.1U", 
  "eventualBG": 132, 
  "timestamp": "2016-05-11T16:10:21.847071", 
  "duration": 30, 
  "tick": "+1"
}