{
  "bg": 115, 
  "temp": "absolute", 
  "snoozeBG": 183, 
  "recieved": true, 
  "predBGs": {
    "COB": [
      115, 
      123, 
      130, 
      137, 
      143, 
      148, 
      153, 
      157, 
      160, 
      163, 
      164, 
      165, 
      165, 
      165, 
      164, 
      163, 
      162, 
      160, 
      158, 
      155, 
      153, 
      150, 
      147, 
      144, 
      141, 
      138, 
      136, 
      133, 
      131, 
      129, 
      127, 
      126, 
      125, 
      124, 
      123, 
      123, 
      122
    ], 
    "aCOB": [
      115, 
      124, 
      132, 
      139, 
      146, 
      152, 
      157, 
      162, 
      165, 
      168, 
      170, 
      171, 
      171, 
      170, 
      169, 
      168, 
      166, 
      164, 
      161, 
      158, 
      155, 
      151, 
      148, 
      144, 
      141, 
      138, 
      135, 
      133, 
      130, 
      128, 
      127, 
      125, 
      124, 
      123, 
      123, 
      122
    ], 
    "IOB": [
      115, 
      122, 
      129, 
      134, 
      139, 
      142, 
      145, 
      146, 
      146, 
      145, 
      143, 
      140, 
      136, 
      131, 
      127, 
      122, 
      117, 
      113, 
      108, 
      104, 
      100, 
      96, 
      92, 
      88, 
      85, 
      82, 
      79, 
      77, 
      75, 
      73, 
      71, 
      70, 
      68, 
      68, 
      67, 
      66
    ]
  }, 
  "rate": 0.85, 
  "reason": "COB: 31, Dev: 53, BGI: -0.83, Target: 115; Eventual BG 122>=120, 28m@1.370 = 0.639 > req 0.109375+0.1U", 
  "eventualBG": 122, 
  "timestamp": "2016-04-24T16:44:19.182494", 
  "duration": 30, 
  "tick": "+8"
}