{
  "bg": 148, 
  "temp": "absolute", 
  "snoozeBG": 155, 
  "recieved": true, 
  "predBGs": {
    "COB": [
      148, 
      150, 
      151, 
      152, 
      154, 
      155, 
      156, 
      156, 
      157, 
      157, 
      157, 
      156, 
      156, 
      154, 
      153, 
      151, 
      149, 
      148, 
      146, 
      144, 
      142, 
      140, 
      138, 
      137, 
      135, 
      134, 
      133, 
      132, 
      131, 
      130, 
      129, 
      129, 
      129, 
      129, 
      129, 
      130
    ], 
    "aCOB": [
      148, 
      157, 
      165, 
      172, 
      178, 
      183, 
      188, 
      191, 
      193, 
      194, 
      195, 
      194, 
      192, 
      189, 
      186, 
      183, 
      179, 
      176, 
      173, 
      169, 
      166, 
      163, 
      160, 
      157, 
      154, 
      152, 
      149, 
      147, 
      145, 
      143, 
      142, 
      140, 
      139, 
      138, 
      138, 
      137
    ], 
    "IOB": [
      148, 
      149, 
      151, 
      152, 
      152, 
      153, 
      153, 
      153, 
      152, 
      151, 
      149, 
      148, 
      145, 
      142, 
      139, 
      136, 
      133, 
      129, 
      126, 
      123, 
      119, 
      116, 
      113, 
      110, 
      108, 
      105, 
      103, 
      101, 
      99, 
      97, 
      95, 
      94, 
      93, 
      92, 
      91
    ]
  }, 
  "rate": 1.05, 
  "reason": "COB: 19, Dev: 15, BGI: -0.43, Target: 115; Eventual BG 130>=115, 30m@0.940 = 0.470 > req 0.22865853658536586+0.1U", 
  "eventualBG": 130, 
  "timestamp": "2016-05-10T15:35:14.026370", 
  "duration": 30, 
  "tick": "+2"
}