{
  "bg": 171, 
  "temp": "absolute", 
  "snoozeBG": 192, 
  "recieved": true, 
  "predBGs": {
    "COB": [
      171, 
      172, 
      173, 
      173, 
      174, 
      174, 
      174, 
      174, 
      173, 
      172, 
      171, 
      169, 
      167, 
      165, 
      162, 
      159, 
      156, 
      153, 
      150, 
      147, 
      144, 
      142, 
      140, 
      138, 
      136, 
      135, 
      134, 
      133, 
      133, 
      133, 
      133, 
      133, 
      134, 
      135, 
      136, 
      138, 
      139
    ], 
    "aCOB": [
      171, 
      177, 
      182, 
      187, 
      191, 
      195, 
      199, 
      202, 
      204, 
      206, 
      207, 
      208, 
      208, 
      208, 
      206, 
      205, 
      202, 
      200, 
      198, 
      195, 
      193, 
      190, 
      187, 
      185, 
      182, 
      180, 
      178, 
      175, 
      173, 
      171, 
      168, 
      166, 
      165, 
      163, 
      162, 
      162, 
      161
    ], 
    "IOB": [
      171, 
      172, 
      172, 
      171, 
      171, 
      169, 
      167, 
      164, 
      161, 
      157, 
      153, 
      147, 
      141, 
      135, 
      128, 
      121, 
      115, 
      108, 
      101, 
      95, 
      89, 
      83, 
      78, 
      73, 
      68, 
      64, 
      60, 
      57, 
      54, 
      51, 
      48, 
      46, 
      45, 
      43, 
      42, 
      42, 
      41
    ]
  }, 
  "rate": 1.175, 
  "reason": "COB: 37, Dev: 30, BGI: -3.96, ISF: 74.1, Target: 115; Eventual BG 139>=115, 28m@1.160 = 0.541 > req 0.32388663967611336+0.1U", 
  "eventualBG": 139, 
  "timestamp": "2016-06-03T11:58:45.066716", 
  "duration": 30, 
  "tick": "+1"
}