{
  "bg": 144, 
  "temp": "absolute", 
  "snoozeBG": 140, 
  "recieved": true, 
  "predBGs": {
    "COB": [
      144, 
      148, 
      152, 
      155, 
      158, 
      161, 
      163, 
      165, 
      166, 
      167, 
      168, 
      168, 
      168, 
      167, 
      166, 
      165, 
      163, 
      162, 
      160, 
      158, 
      156, 
      154, 
      153, 
      151, 
      149, 
      147, 
      146, 
      144, 
      143, 
      141, 
      140, 
      139, 
      138, 
      137, 
      137, 
      136
    ], 
    "aCOB": [
      144, 
      154, 
      162, 
      169, 
      175, 
      180, 
      183, 
      185, 
      186, 
      185, 
      184, 
      182, 
      180, 
      177, 
      174, 
      171, 
      168, 
      165, 
      162, 
      159, 
      157, 
      154, 
      151, 
      149, 
      147, 
      145, 
      143, 
      141, 
      139, 
      138, 
      137, 
      136, 
      135, 
      134, 
      134, 
      133
    ], 
    "IOB": [
      144, 
      148, 
      151, 
      154, 
      156, 
      158, 
      159, 
      160, 
      160, 
      160, 
      159, 
      157, 
      155, 
      152, 
      149, 
      147, 
      143, 
      140, 
      137, 
      134, 
      132, 
      129, 
      127, 
      124, 
      122, 
      120, 
      118, 
      116, 
      115, 
      113, 
      112, 
      111, 
      110, 
      109, 
      109, 
      108
    ]
  }, 
  "rate": 1.125, 
  "reason": "COB: 10, Dev: 21, BGI: 0.55, ISF: 78.4, Target: 115; Eventual BG 140>=115, 17m@1.490 = 0.422 > req 0.31887755102040816+0.1U", 
  "eventualBG": 140, 
  "timestamp": "2016-05-16T17:20:09.416862", 
  "duration": 30, 
  "tick": "+4"
}