{
  "bg": 152, 
  "temp": "absolute", 
  "snoozeBG": 131, 
  "recieved": true, 
  "predBGs": {
    "IOB": [
      152, 
      153, 
      153, 
      154, 
      154, 
      153, 
      152, 
      151, 
      150, 
      148, 
      146, 
      143, 
      140, 
      137, 
      133, 
      130, 
      127, 
      124, 
      122, 
      119, 
      117, 
      115, 
      113, 
      111, 
      109, 
      108, 
      106, 
      105, 
      103, 
      102, 
      101, 
      100, 
      100, 
      99, 
      99, 
      98
    ]
  }, 
  "rate": 1.0, 
  "reason": "COB: 0, Dev: 21, BGI: -2.47, ISF: 72.7, Target: 115; Eventual BG 131 >= 115, 21m@1.150 = 0.402 > req 0.2200825309491059+0.1U. Setting temp basal of 0.55U/hr", 
  "COB": 0, 
  "eventualBG": 131, 
  "timestamp": "2016-07-09T11:50:49.570359", 
  "duration": 30, 
  "tick": "+1", 
  "IOB": 0.574
}