{
  "bg": 170, 
  "temp": "absolute", 
  "snoozeBG": 144, 
  "recieved": true, 
  "predBGs": {
    "COB": [
      170, 
      171, 
      171, 
      172, 
      173, 
      173, 
      173, 
      173, 
      173, 
      172, 
      172, 
      171, 
      170, 
      169, 
      168, 
      167, 
      166, 
      164, 
      163, 
      161, 
      159, 
      157, 
      154, 
      152, 
      150, 
      147, 
      145, 
      143, 
      141, 
      140, 
      138, 
      137, 
      136, 
      135, 
      134, 
      134, 
      133
    ], 
    "aCOB": [
      170, 
      174, 
      178, 
      181, 
      184, 
      186, 
      187, 
      188, 
      189, 
      188, 
      188, 
      186, 
      185, 
      182, 
      179, 
      176, 
      173, 
      169, 
      166, 
      163, 
      159, 
      156, 
      153, 
      150, 
      148, 
      145, 
      143, 
      141, 
      139, 
      138, 
      136, 
      135, 
      134, 
      133, 
      133, 
      132
    ], 
    "IOB": [
      170, 
      170, 
      171, 
      170, 
      170, 
      169, 
      167, 
      165, 
      163, 
      160, 
      157, 
      153, 
      149, 
      145, 
      141, 
      137, 
      134, 
      130, 
      127, 
      124, 
      120, 
      117, 
      114, 
      112, 
      109, 
      107, 
      104, 
      102, 
      101, 
      99, 
      98, 
      96, 
      95, 
      94, 
      94, 
      93
    ]
  }, 
  "rate": 1.35, 
  "reason": "COB: 14, Dev: 38, BGI: -5.33, ISF: 78.4, Target: 115; Eventual BG 144>=115, 29m@1.160 = 0.561 > req 0.36989795918367346+0.1U", 
  "eventualBG": 144, 
  "timestamp": "2016-05-17T08:47:37.128700", 
  "duration": 30, 
  "tick": "+1"
}