{
  "bg": 143, 
  "temp": "absolute", 
  "snoozeBG": 149, 
  "recieved": true, 
  "predBGs": {
    "COB": [
      143, 
      144, 
      144, 
      145, 
      147, 
      148, 
      150, 
      152, 
      153, 
      154, 
      155, 
      155, 
      156, 
      156, 
      155, 
      155, 
      154, 
      154, 
      153, 
      153, 
      152, 
      151, 
      151, 
      150, 
      150, 
      149, 
      149, 
      149, 
      149, 
      149, 
      149, 
      149, 
      149, 
      150, 
      150, 
      151
    ], 
    "aCOB": [
      143, 
      151, 
      158, 
      165, 
      171, 
      177, 
      182, 
      187, 
      190, 
      192, 
      194, 
      194, 
      193, 
      192, 
      190, 
      188, 
      186, 
      184, 
      182, 
      180, 
      178, 
      176, 
      174, 
      172, 
      170, 
      169, 
      167, 
      166, 
      164, 
      163, 
      162, 
      162, 
      161, 
      160, 
      160, 
      159
    ], 
    "IOB": [
      143, 
      143, 
      144, 
      145, 
      145, 
      146, 
      147, 
      148, 
      148, 
      148, 
      147, 
      146, 
      145, 
      143, 
      142, 
      140, 
      138, 
      136, 
      134, 
      131, 
      129, 
      127, 
      125, 
      124, 
      122, 
      120, 
      119, 
      117, 
      116, 
      115, 
      114, 
      113, 
      113, 
      112, 
      112, 
      111
    ]
  }, 
  "rate": 0.925, 
  "reason": "COB: 13, Dev: 15, BGI: -1.42, Target: 130; Eventual BG 151>=140, 28m@0.730 = 0.341 > req 0.2137232845894263+0.1U", 
  "eventualBG": 151, 
  "timestamp": "2016-05-14T09:53:20.585177", 
  "duration": 30, 
  "tick": "+1"
}