{
  "bg": 122, 
  "temp": "absolute", 
  "snoozeBG": 117, 
  "recieved": true, 
  "predBGs": {
    "COB": [
      122, 
      123, 
      124, 
      125, 
      126, 
      126, 
      127, 
      128, 
      128, 
      128, 
      128, 
      128, 
      127, 
      127, 
      126, 
      125, 
      124, 
      123, 
      122, 
      121, 
      120, 
      120, 
      119, 
      118, 
      118, 
      117, 
      117, 
      117, 
      117, 
      117, 
      117, 
      117, 
      117, 
      117, 
      118, 
      118, 
      119
    ], 
    "aCOB": [
      122, 
      131, 
      139, 
      145, 
      151, 
      155, 
      159, 
      161, 
      162, 
      161, 
      160, 
      159, 
      158, 
      157, 
      155, 
      153, 
      151, 
      150, 
      148, 
      146, 
      144, 
      143, 
      141, 
      140, 
      139, 
      137, 
      136, 
      135, 
      135, 
      134, 
      133, 
      133, 
      132, 
      132, 
      132, 
      132, 
      131
    ], 
    "IOB": [
      122, 
      123, 
      124, 
      124, 
      125, 
      125, 
      125, 
      126, 
      125, 
      125, 
      124, 
      123, 
      122, 
      120, 
      119, 
      117, 
      115, 
      113, 
      112, 
      110, 
      108, 
      107, 
      105, 
      104, 
      102, 
      101, 
      100, 
      99, 
      98, 
      98, 
      97, 
      97, 
      96, 
      96, 
      95
    ]
  }, 
  "rate": 0.65, 
  "reason": "COB: 11, Dev: 6, BGI: 0, Target: 115; Eventual BG 119>=115, 20m@0.710 = 0.237 > req 0.029498525073746312+0.1U", 
  "eventualBG": 119, 
  "timestamp": "2016-05-08T17:34:41.487368", 
  "duration": 30, 
  "tick": "+1"
}