{
  "bg": 193, 
  "temp": "absolute", 
  "snoozeBG": 122, 
  "recieved": true, 
  "predBGs": {
    "COB": [
      193, 
      193, 
      192, 
      191, 
      190, 
      188, 
      185, 
      182, 
      179, 
      175, 
      171, 
      167, 
      163, 
      159, 
      155, 
      151, 
      147, 
      143, 
      140, 
      137, 
      134, 
      132, 
      129, 
      128, 
      126, 
      125, 
      124, 
      123, 
      123, 
      122, 
      122, 
      123, 
      123, 
      124, 
      124, 
      125, 
      126
    ], 
    "aCOB": [
      193, 
      201, 
      209, 
      217, 
      223, 
      229, 
      234, 
      238, 
      242, 
      245, 
      248, 
      250, 
      252, 
      254, 
      256, 
      257, 
      258, 
      259, 
      261, 
      262, 
      263, 
      265, 
      266, 
      268, 
      269, 
      271, 
      273, 
      274, 
      276, 
      278, 
      280, 
      282, 
      283, 
      285, 
      286, 
      287, 
      289
    ], 
    "IOB": [
      193, 
      193, 
      192, 
      191, 
      189, 
      186, 
      183, 
      180, 
      176, 
      172, 
      167, 
      162, 
      157, 
      152, 
      147, 
      142, 
      137, 
      132, 
      128, 
      124, 
      120, 
      117, 
      114, 
      111, 
      108, 
      106, 
      104, 
      102, 
      101, 
      100, 
      99, 
      98, 
      98, 
      97
    ]
  }, 
  "rate": 0.75, 
  "reason": "COB: 51, Dev: 8, BGI: -1.41, Target: 115; Eventual BG 126>=115, 10m@1.440 = 0.240 > req 0.09708737864077671+0.1U", 
  "eventualBG": 126, 
  "timestamp": "2016-05-12T14:49:55.309532", 
  "duration": 30, 
  "tick": "+0"
}