{
  "bg": 210, 
  "temp": "absolute", 
  "snoozeBG": 133, 
  "recieved": true, 
  "predBGs": {
    "COB": [
      210, 
      210, 
      210, 
      209, 
      208, 
      206, 
      203, 
      200, 
      196, 
      192, 
      188, 
      183, 
      178, 
      172, 
      167, 
      161, 
      155, 
      150, 
      144, 
      139, 
      133, 
      129, 
      124, 
      120, 
      116, 
      112, 
      109, 
      106, 
      103, 
      101, 
      99, 
      98, 
      96, 
      95, 
      94, 
      93
    ], 
    "aCOB": [
      210, 
      216, 
      220, 
      221, 
      219, 
      216, 
      212, 
      208, 
      203, 
      198, 
      193, 
      187, 
      181, 
      175, 
      169, 
      163, 
      156, 
      150, 
      144, 
      138, 
      132, 
      127, 
      121, 
      117, 
      113, 
      109, 
      105, 
      102, 
      100, 
      97, 
      95, 
      94, 
      92, 
      91, 
      90, 
      89
    ], 
    "IOB": [
      210, 
      210, 
      209, 
      208, 
      207, 
      205, 
      202, 
      198, 
      194, 
      189, 
      184, 
      178, 
      172, 
      166, 
      160, 
      154, 
      147, 
      141, 
      135, 
      129, 
      123, 
      118, 
      113, 
      108, 
      104, 
      100, 
      96, 
      93, 
      91, 
      88, 
      86, 
      85, 
      83, 
      82, 
      81, 
      81, 
      80
    ]
  }, 
  "rate": 1.0, 
  "reason": "COB: 5, Dev: 8, BGI: -1.31, ISF: 74.8, Target: 115; Eventual BG 133>=115, 28m@1.460 = 0.681 > req 0.24064171122994654+0.1U", 
  "eventualBG": 133, 
  "timestamp": "2016-05-20T16:29:16.129617", 
  "duration": 30, 
  "tick": "+0"
}