{
  "bg": 159, 
  "temp": "absolute", 
  "snoozeBG": 138, 
  "recieved": true, 
  "predBGs": {
    "COB": [
      159, 
      161, 
      163, 
      164, 
      166, 
      166, 
      167, 
      167, 
      167, 
      166, 
      165, 
      163, 
      161, 
      158, 
      156, 
      153, 
      150, 
      147, 
      143, 
      140, 
      136, 
      133, 
      130, 
      127, 
      124, 
      122, 
      119, 
      117, 
      115, 
      113, 
      111, 
      110, 
      109, 
      108, 
      107, 
      107, 
      106
    ], 
    "aCOB": [
      159, 
      166, 
      173, 
      178, 
      182, 
      185, 
      187, 
      188, 
      188, 
      186, 
      183, 
      179, 
      175, 
      171, 
      166, 
      161, 
      156, 
      151, 
      147, 
      142, 
      138, 
      133, 
      129, 
      126, 
      122, 
      119, 
      117, 
      114, 
      112, 
      110, 
      108, 
      107, 
      106, 
      105, 
      104, 
      104, 
      103
    ], 
    "IOB": [
      159, 
      161, 
      162, 
      163, 
      164, 
      164, 
      163, 
      162, 
      160, 
      157, 
      154, 
      150, 
      146, 
      141, 
      137, 
      132, 
      127, 
      122, 
      118, 
      113, 
      108, 
      104, 
      100, 
      97, 
      93, 
      90, 
      87, 
      85, 
      83, 
      81, 
      79, 
      78, 
      77, 
      76, 
      75, 
      75, 
      74
    ]
  }, 
  "rate": 0.575, 
  "reason": "COB: 12, Dev: 23, BGI: -1.83, Target: 115; Eventual BG 118>=115, 24m@1.460 = 0.584 > req 0.040106951871657755+0.1U", 
  "eventualBG": 118, 
  "timestamp": "2016-05-12T18:52:42.801172", 
  "duration": 30, 
  "tick": "+2"
}