{
  "bg": 124, 
  "temp": "absolute", 
  "snoozeBG": 136, 
  "recieved": true, 
  "predBGs": {
    "COB": [
      124, 
      127, 
      131, 
      134, 
      136, 
      139, 
      141, 
      143, 
      145, 
      146, 
      147, 
      147, 
      147, 
      147, 
      146, 
      145, 
      144, 
      142, 
      140, 
      138, 
      137, 
      135, 
      133, 
      131, 
      129, 
      128, 
      126, 
      124, 
      123, 
      122, 
      121, 
      119, 
      118, 
      118, 
      117, 
      116
    ], 
    "aCOB": [
      124, 
      134, 
      142, 
      148, 
      153, 
      156, 
      157, 
      157, 
      158, 
      157, 
      157, 
      156, 
      155, 
      153, 
      151, 
      149, 
      147, 
      144, 
      142, 
      139, 
      136, 
      134, 
      131, 
      129, 
      127, 
      125, 
      123, 
      121, 
      120, 
      118, 
      117, 
      116, 
      115, 
      114, 
      113, 
      113, 
      112
    ], 
    "IOB": [
      124, 
      127, 
      130, 
      133, 
      135, 
      138, 
      139, 
      140, 
      141, 
      141, 
      141, 
      140, 
      139, 
      138, 
      136, 
      134, 
      131, 
      129, 
      126, 
      124, 
      121, 
      118, 
      116, 
      114, 
      111, 
      109, 
      107, 
      106, 
      104, 
      103, 
      101, 
      100, 
      99, 
      98, 
      98, 
      97
    ]
  }, 
  "rate": 0.9, 
  "reason": "COB: 6, Dev: 10, BGI: 1.36, Target: 115; Eventual BG 136>=120, 26m@1.120 = 0.485 > req 0.22316684378320936+0.1U", 
  "eventualBG": 136, 
  "timestamp": "2016-04-20T16:40:07.256315", 
  "duration": 30, 
  "tick": "+3"
}