{
  "bg": 117, 
  "temp": "absolute", 
  "snoozeBG": 112, 
  "recieved": true, 
  "predBGs": {
    "COB": [
      117, 
      119, 
      121, 
      122, 
      123, 
      124, 
      125, 
      125, 
      125, 
      125, 
      124, 
      123, 
      122, 
      121, 
      119, 
      117, 
      115, 
      113, 
      110, 
      108, 
      105, 
      103, 
      101, 
      99, 
      98, 
      96, 
      95, 
      93, 
      92, 
      92, 
      91, 
      90
    ], 
    "aCOB": [
      117, 
      127, 
      136, 
      144, 
      151, 
      158, 
      163, 
      166, 
      169, 
      171, 
      171, 
      171, 
      169, 
      167, 
      164, 
      161, 
      158, 
      155, 
      152, 
      148, 
      145, 
      142, 
      139, 
      137, 
      134, 
      132, 
      130, 
      128, 
      126, 
      124, 
      123, 
      122, 
      120, 
      120, 
      119, 
      118
    ], 
    "IOB": [
      117, 
      119, 
      120, 
      122, 
      123, 
      123, 
      123, 
      123, 
      123, 
      122, 
      120, 
      118, 
      116, 
      114, 
      111, 
      108, 
      105, 
      102, 
      99, 
      96, 
      93, 
      90, 
      87, 
      84, 
      81, 
      79, 
      77, 
      75, 
      73, 
      72, 
      70, 
      69, 
      68, 
      67, 
      66, 
      65
    ]
  }, 
  "rate": 1.425, 
  "reason": "COB: 14, Dev: 7, BGI: 0.87, Target: 80; Eventual BG 112>=80, 28m@1.390 = 0.649 > req 0.44382801664355065+0.1U", 
  "eventualBG": 112, 
  "timestamp": "2016-05-07T18:16:00.526958", 
  "duration": 30, 
  "tick": "+2"
}