{
  "bg": 134, 
  "temp": "absolute", 
  "snoozeBG": 135, 
  "recieved": true, 
  "predBGs": {
    "COB": [
      134, 
      137, 
      140, 
      143, 
      146, 
      148, 
      151, 
      153, 
      154, 
      156, 
      157, 
      157, 
      158, 
      158, 
      158, 
      158, 
      157, 
      157, 
      156, 
      155, 
      154, 
      153, 
      151, 
      149, 
      147, 
      146, 
      144, 
      143, 
      141, 
      140, 
      139, 
      138, 
      137, 
      136, 
      136, 
      135
    ], 
    "aCOB": [
      134, 
      140, 
      145, 
      150, 
      155, 
      159, 
      162, 
      165, 
      167, 
      168, 
      169, 
      169, 
      169, 
      168, 
      167, 
      165, 
      162, 
      160, 
      158, 
      155, 
      153, 
      151, 
      149, 
      147, 
      146, 
      144, 
      142, 
      141, 
      140, 
      138, 
      137, 
      136, 
      136, 
      135, 
      134
    ], 
    "IOB": [
      134, 
      137, 
      139, 
      142, 
      143, 
      144, 
      145, 
      145, 
      144, 
      143, 
      141, 
      139, 
      136, 
      133, 
      131, 
      128, 
      125, 
      123, 
      121, 
      119, 
      117, 
      115, 
      113, 
      111, 
      109, 
      107, 
      106, 
      104, 
      103, 
      102, 
      101, 
      100, 
      99, 
      98, 
      98, 
      97
    ]
  }, 
  "rate": 1.125, 
  "reason": "COB: 15, Dev: 39, BGI: -3.52, Target: 115; Eventual BG 135>=115, 29m@0.980 = 0.474 > req 0.26737967914438504+0.1U", 
  "eventualBG": 135, 
  "timestamp": "2016-05-13T08:35:41.034934", 
  "duration": 30, 
  "tick": "+3"
}