{
  "bg": 121, 
  "temp": "absolute", 
  "snoozeBG": 127, 
  "recieved": true, 
  "predBGs": {
    "COB": [
      121, 
      127, 
      132, 
      137, 
      140, 
      143, 
      146, 
      148, 
      149, 
      150, 
      151, 
      152, 
      152, 
      152, 
      151, 
      150, 
      149, 
      147, 
      145, 
      143, 
      141, 
      139, 
      137, 
      136, 
      134, 
      133, 
      132, 
      132, 
      131, 
      130, 
      130, 
      129, 
      129, 
      128, 
      128, 
      128, 
      127
    ], 
    "aCOB": [
      121, 
      128, 
      134, 
      139, 
      143, 
      147, 
      149, 
      151, 
      153, 
      154, 
      155, 
      156, 
      155, 
      155, 
      154, 
      152, 
      150, 
      148, 
      145, 
      143, 
      140, 
      138, 
      137, 
      135, 
      134, 
      133, 
      132, 
      131, 
      130, 
      130, 
      129, 
      129, 
      128, 
      128, 
      127
    ], 
    "IOB": [
      121, 
      127, 
      131, 
      135, 
      137, 
      139, 
      139, 
      139, 
      139, 
      137, 
      135, 
      133, 
      129, 
      126, 
      123, 
      120, 
      117, 
      114, 
      111, 
      109, 
      107, 
      105, 
      103, 
      101, 
      100, 
      99, 
      98, 
      97, 
      97, 
      96, 
      95, 
      95, 
      94, 
      94, 
      94, 
      93
    ]
  }, 
  "rate": 0.8, 
  "reason": "COB: 18, Dev: 52, BGI: -2.59, Target: 115; Eventual BG 127>=115, 28m@0.665 = 0.310 > req 0.1530612244897959+0.1U", 
  "eventualBG": 127, 
  "timestamp": "2016-05-04T17:40:08.362533", 
  "duration": 30, 
  "tick": "+6"
}