{
  "bg": 185, 
  "temp": "absolute", 
  "snoozeBG": 124, 
  "recieved": true, 
  "predBGs": {
    "COB": [
      185, 
      187, 
      188, 
      188, 
      185, 
      182, 
      178, 
      173, 
      167, 
      160, 
      154, 
      147, 
      141, 
      136, 
      130, 
      124, 
      119, 
      114, 
      110, 
      105, 
      101, 
      98, 
      95, 
      92, 
      90, 
      88, 
      86, 
      84, 
      83, 
      82, 
      81, 
      80, 
      79, 
      79, 
      79, 
      78
    ], 
    "aCOB": [
      185, 
      187, 
      188, 
      188, 
      185, 
      182, 
      178, 
      173, 
      167, 
      160, 
      154, 
      147, 
      141, 
      136, 
      130, 
      124, 
      119, 
      114, 
      110, 
      105, 
      101, 
      98, 
      95, 
      92, 
      90, 
      88, 
      86, 
      84, 
      83, 
      82, 
      81, 
      80, 
      79, 
      79, 
      79, 
      78
    ], 
    "IOB": [
      185, 
      188, 
      189, 
      190, 
      189, 
      188, 
      186, 
      183, 
      180, 
      176, 
      171, 
      166, 
      160, 
      154, 
      148, 
      143, 
      138, 
      133, 
      128, 
      124, 
      120, 
      116, 
      113, 
      110, 
      108, 
      106, 
      104, 
      103, 
      101, 
      100, 
      99, 
      98, 
      98, 
      97, 
      97, 
      97, 
      96
    ]
  }, 
  "rate": 0.75, 
  "reason": "COB: 9, Dev: 57, BGI: -6.51, Target: 115; Eventual BG 124>=115, 29m@0.540 = 0.261 > req 0.11479591836734693+0.1U", 
  "eventualBG": 124, 
  "timestamp": "2016-05-04T11:02:29.177386", 
  "duration": 30, 
  "tick": "+3"
}