{
  "bg": 189, 
  "temp": "absolute", 
  "snoozeBG": 177, 
  "recieved": true, 
  "predBGs": {
    "COB": [
      189, 
      194, 
      198, 
      201, 
      204, 
      205, 
      205, 
      204, 
      203, 
      200, 
      197, 
      193, 
      188, 
      184, 
      179, 
      174, 
      169, 
      164, 
      159, 
      154, 
      149, 
      145, 
      141, 
      137, 
      134, 
      132, 
      130, 
      128, 
      126, 
      126, 
      125, 
      125, 
      125, 
      125, 
      125, 
      126, 
      127
    ], 
    "aCOB": [
      189, 
      198, 
      205, 
      212, 
      217, 
      221, 
      224, 
      226, 
      226, 
      225, 
      223, 
      221, 
      218, 
      214, 
      210, 
      205, 
      200, 
      195, 
      190, 
      184, 
      179, 
      174, 
      169, 
      164, 
      159, 
      154, 
      150, 
      146, 
      142, 
      139, 
      137, 
      135, 
      133, 
      132, 
      131, 
      130, 
      129
    ], 
    "IOB": [
      189, 
      194, 
      197, 
      199, 
      200, 
      199, 
      197, 
      194, 
      189, 
      183, 
      176, 
      169, 
      160, 
      151, 
      142, 
      133, 
      124, 
      115, 
      106, 
      98, 
      90, 
      83, 
      76, 
      69, 
      64, 
      58, 
      54, 
      49, 
      46, 
      43, 
      40, 
      39
    ]
  }, 
  "rate": 0.925, 
  "reason": "COB: 25, Dev: 36, BGI: -0.95, Target: 115; Eventual BG 127>=120, 30m@1.450 = 0.725 > req 0.13953488372093023+0.1U", 
  "eventualBG": 127, 
  "timestamp": "2016-04-16T20:29:05.333309", 
  "duration": 30, 
  "tick": "+5"
}