{
  "bg": 188, 
  "temp": "absolute", 
  "snoozeBG": 144, 
  "recieved": true, 
  "predBGs": {
    "COB": [
      188, 
      190, 
      191, 
      192, 
      192, 
      192, 
      192, 
      190, 
      189, 
      187, 
      185, 
      182, 
      179, 
      177, 
      173, 
      170, 
      167, 
      164, 
      161, 
      158, 
      155, 
      153, 
      151, 
      149, 
      147, 
      146, 
      145, 
      144, 
      144, 
      144, 
      144, 
      145, 
      145, 
      146, 
      147, 
      149, 
      150
    ], 
    "aCOB": [
      188, 
      196, 
      204, 
      211, 
      217, 
      222, 
      226, 
      230, 
      232, 
      234, 
      235, 
      236, 
      236, 
      236, 
      235, 
      233, 
      232, 
      230, 
      227, 
      225, 
      222, 
      219, 
      216, 
      213, 
      210, 
      207, 
      204, 
      201, 
      199, 
      197, 
      195, 
      194, 
      193, 
      192, 
      191, 
      190
    ], 
    "IOB": [
      188, 
      189, 
      190, 
      190, 
      190, 
      189, 
      187, 
      184, 
      181, 
      177, 
      173, 
      168, 
      163, 
      157, 
      152, 
      146, 
      140, 
      135, 
      129, 
      124, 
      119, 
      114, 
      110, 
      106, 
      102, 
      99, 
      96, 
      93, 
      91, 
      89, 
      87, 
      85, 
      84, 
      83, 
      82, 
      82, 
      81
    ]
  }, 
  "rate": 1.5, 
  "reason": "COB: 32, Dev: 20, BGI: -1.31, Target: 115; Eventual BG 150>=120, 29m@1.430 = 0.691 > req 0.42028985507246375+0.1U", 
  "eventualBG": 150, 
  "timestamp": "2016-04-22T10:39:06.346759", 
  "duration": 30, 
  "tick": "+3"
}