{
  "bg": 173, 
  "temp": "absolute", 
  "snoozeBG": 153, 
  "recieved": true, 
  "predBGs": {
    "COB": [
      173, 
      173, 
      173, 
      172, 
      172, 
      171, 
      170, 
      168, 
      166, 
      164, 
      161, 
      159, 
      155, 
      152, 
      148, 
      144, 
      141, 
      137, 
      134, 
      131, 
      128, 
      125, 
      123, 
      121, 
      120, 
      118, 
      117, 
      117, 
      117, 
      117, 
      117, 
      118, 
      119, 
      120, 
      121, 
      123, 
      125
    ], 
    "aCOB": [
      173, 
      179, 
      184, 
      188, 
      193, 
      196, 
      199, 
      202, 
      204, 
      205, 
      205, 
      205, 
      204, 
      203, 
      201, 
      199, 
      197, 
      194, 
      192, 
      189, 
      186, 
      183, 
      181, 
      178, 
      175, 
      173, 
      170, 
      168, 
      165, 
      163, 
      161, 
      159, 
      158, 
      157, 
      157, 
      156
    ], 
    "IOB": [
      173, 
      173, 
      172, 
      171, 
      169, 
      167, 
      164, 
      160, 
      156, 
      152, 
      146, 
      140, 
      134, 
      127, 
      120, 
      113, 
      106, 
      100, 
      93, 
      87, 
      82, 
      76, 
      71, 
      67, 
      62, 
      59, 
      55, 
      52, 
      49, 
      47, 
      45, 
      43, 
      42, 
      41, 
      41, 
      40
    ]
  }, 
  "rate": 0.8, 
  "reason": "COB: 35, Dev: 24, BGI: -4.04, ISF: 73.4, Target: 115; Eventual BG 125>=115, 28m@1.075 = 0.502 > req 0.13623978201634876+0.1U", 
  "eventualBG": 125, 
  "timestamp": "2016-06-03T12:08:37.605280", 
  "duration": 30, 
  "tick": "+0"
}