{
  "bg": 202, 
  "temp": "absolute", 
  "snoozeBG": 150, 
  "recieved": true, 
  "predBGs": {
    "COB": [
      202, 
      205, 
      207, 
      209, 
      211, 
      212, 
      213, 
      213, 
      212, 
      211, 
      209, 
      207, 
      205, 
      202, 
      199, 
      195, 
      192, 
      189, 
      185, 
      182, 
      179, 
      176, 
      173, 
      171, 
      168, 
      165, 
      163, 
      161, 
      159, 
      157, 
      155, 
      154, 
      152, 
      151, 
      151, 
      150
    ], 
    "aCOB": [
      202, 
      209, 
      214, 
      219, 
      224, 
      227, 
      230, 
      231, 
      232, 
      231, 
      230, 
      227, 
      225, 
      221, 
      217, 
      212, 
      206, 
      201, 
      195, 
      190, 
      185, 
      180, 
      176, 
      172, 
      168, 
      165, 
      162, 
      159, 
      157, 
      155, 
      153, 
      152, 
      150, 
      149, 
      149, 
      148
    ], 
    "IOB": [
      202, 
      205, 
      206, 
      208, 
      208, 
      208, 
      207, 
      205, 
      202, 
      198, 
      193, 
      188, 
      182, 
      176, 
      170, 
      164, 
      158, 
      152, 
      146, 
      141, 
      136, 
      131, 
      127, 
      123, 
      119, 
      116, 
      113, 
      110, 
      108, 
      106, 
      104, 
      103, 
      101, 
      100, 
      100, 
      99
    ]
  }, 
  "rate": 1.5, 
  "reason": "COB: 21, Dev: 35, BGI: -2.85, ISF: 74.1, Target: 115; Eventual BG 150>=115, 25m@1.460 = 0.608 > req 0.47233468286099867+0.1U", 
  "eventualBG": 150, 
  "timestamp": "2016-05-17T11:28:08.511320", 
  "duration": 30, 
  "tick": "+3"
}