{
  "bg": 178, 
  "temp": "absolute", 
  "snoozeBG": 132, 
  "recieved": true, 
  "predBGs": {
    "COB": [
      178, 
      179, 
      180, 
      180, 
      180, 
      179, 
      179, 
      177, 
      176, 
      173, 
      170, 
      168, 
      164, 
      161, 
      158, 
      155, 
      152, 
      149, 
      146, 
      143, 
      141, 
      139, 
      137, 
      135, 
      134, 
      133, 
      132, 
      132, 
      132, 
      132, 
      133, 
      134, 
      134, 
      135, 
      136, 
      137, 
      138
    ], 
    "aCOB": [
      178, 
      183, 
      188, 
      192, 
      196, 
      199, 
      201, 
      203, 
      203, 
      203, 
      203, 
      201, 
      200, 
      198, 
      196, 
      193, 
      191, 
      188, 
      185, 
      181, 
      178, 
      175, 
      172, 
      169, 
      166, 
      163, 
      160, 
      157, 
      155, 
      153, 
      151, 
      150, 
      149, 
      148, 
      147, 
      147, 
      146
    ], 
    "IOB": [
      178, 
      179, 
      179, 
      178, 
      177, 
      174, 
      172, 
      168, 
      163, 
      158, 
      152, 
      145, 
      138, 
      131, 
      124, 
      117, 
      111, 
      104, 
      98, 
      92, 
      86, 
      81, 
      76, 
      71, 
      67, 
      64, 
      61, 
      58, 
      55, 
      53, 
      52, 
      51, 
      50, 
      49, 
      48, 
      47
    ]
  }, 
  "rate": 1.0, 
  "reason": "COB: 33, Dev: 32, BGI: -4.29, ISF: 72.7, Target: 115; Eventual BG 138>=115, 29m@1.250 = 0.604 > req 0.23383768913342504+0.1U", 
  "eventualBG": 138, 
  "timestamp": "2016-06-03T12:22:06.174312", 
  "duration": 30, 
  "tick": "+1"
}