{
  "bg": 89, 
  "temp": "absolute", 
  "snoozeBG": 116, 
  "recieved": true, 
  "predBGs": {
    "COB": [
      89, 
      89, 
      89, 
      90, 
      90, 
      91, 
      92, 
      93, 
      94, 
      95, 
      96, 
      97, 
      98, 
      99, 
      100, 
      101, 
      102, 
      103, 
      104, 
      105, 
      106, 
      107, 
      108, 
      110, 
      111, 
      113, 
      115, 
      116, 
      118, 
      121, 
      123, 
      125, 
      128, 
      131, 
      134, 
      137, 
      140
    ], 
    "aCOB": [
      89, 
      94, 
      100, 
      105, 
      111, 
      117, 
      122, 
      128, 
      133, 
      139, 
      144, 
      149, 
      153, 
      158, 
      162, 
      167, 
      171, 
      175, 
      179, 
      183, 
      187, 
      191, 
      194, 
      198, 
      202, 
      205, 
      209, 
      212, 
      216, 
      220, 
      223, 
      227, 
      231, 
      234, 
      238, 
      242, 
      246
    ], 
    "IOB": [
      89, 
      89, 
      88, 
      88, 
      87, 
      86, 
      85, 
      84, 
      82, 
      80, 
      78, 
      75, 
      72, 
      69, 
      65, 
      62, 
      59, 
      57, 
      54, 
      51, 
      48, 
      46, 
      43, 
      41, 
      39
    ]
  }, 
  "rate": 0.55, 
  "reason": "COB: 66, Dev: 27, BGI: -4.51, ISF: 78.4, Target: 115; Eventual BG 140>=115, 24m@0.490 = 0.196 > req 0.012755102040816325+0.1U", 
  "eventualBG": 140, 
  "timestamp": "2016-05-31T13:44:48.494107", 
  "duration": 30, 
  "tick": "+0"
}