{
  "bg": 159, 
  "temp": "absolute", 
  "snoozeBG": 126, 
  "recieved": true, 
  "predBGs": {
    "COB": [
      159, 
      161, 
      162, 
      164, 
      165, 
      166, 
      167, 
      168, 
      168, 
      167, 
      166, 
      165, 
      163, 
      161, 
      159, 
      156, 
      154, 
      152, 
      149, 
      147, 
      144, 
      142, 
      140, 
      138, 
      136, 
      135, 
      133, 
      132, 
      131, 
      130, 
      129, 
      128, 
      127, 
      127, 
      126
    ], 
    "aCOB": [
      159, 
      166, 
      172, 
      178, 
      183, 
      186, 
      189, 
      192, 
      192, 
      192, 
      191, 
      188, 
      185, 
      181, 
      176, 
      171, 
      167, 
      163, 
      158, 
      154, 
      150, 
      147, 
      143, 
      140, 
      137, 
      135, 
      132, 
      130, 
      129, 
      127, 
      126, 
      125, 
      124, 
      124, 
      123
    ], 
    "IOB": [
      159, 
      160, 
      162, 
      162, 
      163, 
      163, 
      163, 
      162, 
      160, 
      158, 
      155, 
      151, 
      147, 
      142, 
      138, 
      133, 
      129, 
      124, 
      120, 
      116, 
      112, 
      108, 
      105, 
      102, 
      99, 
      96, 
      94, 
      92, 
      90, 
      89, 
      88, 
      87, 
      86, 
      85, 
      85, 
      85, 
      84
    ]
  }, 
  "rate": 0.925, 
  "reason": "COB: 16, Dev: 25, BGI: -2.24, Target: 115; Eventual BG 126>=115, 29m@0.620 = 0.300 > req 0.14986376021798364+0.1U", 
  "eventualBG": 126, 
  "timestamp": "2016-05-12T09:30:27.396045", 
  "duration": 30, 
  "tick": "+3"
}