{
  "bg": 105, 
  "temp": "absolute", 
  "snoozeBG": 98, 
  "recieved": true, 
  "predBGs": {
    "COB": [
      105, 
      108, 
      110, 
      112, 
      113, 
      113, 
      113, 
      111, 
      110, 
      108, 
      106, 
      105, 
      104, 
      103, 
      102, 
      101, 
      100, 
      99, 
      99, 
      98, 
      98, 
      98, 
      98, 
      99, 
      99, 
      100, 
      102, 
      103, 
      106, 
      108, 
      110, 
      112, 
      114, 
      116, 
      118, 
      120, 
      122
    ], 
    "aCOB": [
      105, 
      112, 
      118, 
      123, 
      128, 
      132, 
      134, 
      136, 
      137, 
      138, 
      138, 
      139, 
      140, 
      141, 
      141, 
      141, 
      142, 
      142, 
      142, 
      142, 
      142, 
      142, 
      142, 
      142, 
      142, 
      143, 
      143, 
      144, 
      145, 
      145, 
      146, 
      146, 
      146, 
      146, 
      146, 
      145
    ], 
    "IOB": [
      105, 
      107, 
      109, 
      109, 
      109, 
      107, 
      105, 
      101, 
      96, 
      91, 
      86, 
      80, 
      74, 
      69, 
      64, 
      58, 
      53, 
      49, 
      44, 
      40, 
      39
    ]
  }, 
  "rate": 1.05, 
  "reason": "COB: 31, Dev: 34, BGI: -2.74, ISF: 87, Target: 80; Eventual BG 122>=80, 29m@0.710 = 0.343 > req 0.20689655172413793+0.1U", 
  "eventualBG": 122, 
  "timestamp": "2016-05-24T19:49:17.884390", 
  "duration": 30, 
  "tick": "+4"
}