{
  "bg": 111, 
  "temp": "absolute", 
  "snoozeBG": 191, 
  "recieved": true, 
  "predBGs": {
    "COB": [
      111, 
      116, 
      121, 
      125, 
      129, 
      133, 
      136, 
      139, 
      140, 
      142, 
      142, 
      142, 
      141, 
      140, 
      137, 
      135, 
      132, 
      129, 
      126, 
      124, 
      121, 
      119, 
      117, 
      115, 
      113, 
      112, 
      110, 
      110, 
      109, 
      109, 
      109, 
      109, 
      110, 
      111, 
      112, 
      114, 
      116
    ], 
    "aCOB": [
      111, 
      121, 
      131, 
      141, 
      149, 
      158, 
      165, 
      172, 
      177, 
      182, 
      186, 
      189, 
      191, 
      193, 
      193, 
      192, 
      192, 
      191, 
      190, 
      188, 
      187, 
      186, 
      184, 
      183, 
      181, 
      180, 
      179, 
      178, 
      177, 
      176, 
      175, 
      174, 
      173, 
      173, 
      172, 
      172, 
      171
    ], 
    "IOB": [
      111, 
      116, 
      120, 
      123, 
      126, 
      128, 
      129, 
      130, 
      129, 
      128, 
      125, 
      121, 
      117, 
      112, 
      106, 
      99, 
      93, 
      87, 
      81, 
      74, 
      68, 
      63, 
      57, 
      52, 
      47, 
      43, 
      39
    ]
  }, 
  "rate": 0.5, 
  "reason": "COB: 36, Dev: 26, BGI: 0.65, ISF: 81.6, Target: 115; Eventual BG 116>=115, 30m@1.510 = 0.755 > req 0.012254901960784315+0.1U", 
  "eventualBG": 116, 
  "timestamp": "2016-05-15T17:12:33.713768", 
  "duration": 30, 
  "tick": "+5"
}