{
  "bg": 113, 
  "temp": "absolute", 
  "snoozeBG": 129, 
  "recieved": true, 
  "predBGs": {
    "COB": [
      113, 
      116, 
      119, 
      122, 
      126, 
      129, 
      132, 
      136, 
      139, 
      142, 
      144, 
      146, 
      148, 
      149, 
      149, 
      149, 
      148, 
      147, 
      146, 
      144, 
      142, 
      140, 
      138, 
      137, 
      135, 
      134, 
      132, 
      131, 
      130, 
      129, 
      128, 
      127, 
      127, 
      126, 
      126, 
      125
    ], 
    "aCOB": [
      113, 
      119, 
      125, 
      131, 
      136, 
      141, 
      145, 
      148, 
      151, 
      153, 
      154, 
      154, 
      154, 
      152, 
      151, 
      149, 
      148, 
      146, 
      144, 
      142, 
      140, 
      138, 
      136, 
      135, 
      133, 
      132, 
      130, 
      129, 
      128, 
      127, 
      126, 
      125, 
      125, 
      124, 
      124, 
      123
    ], 
    "IOB": [
      113, 
      116, 
      119, 
      121, 
      124, 
      126, 
      128, 
      130, 
      132, 
      133, 
      134, 
      134, 
      133, 
      131, 
      130, 
      128, 
      127, 
      125, 
      123, 
      121, 
      119, 
      117, 
      116, 
      114, 
      112, 
      111, 
      110, 
      108, 
      107, 
      106, 
      105, 
      104, 
      104, 
      103, 
      103, 
      102
    ]
  }, 
  "rate": 1.25, 
  "reason": "COB: 17, Dev: 34, BGI: -2.73, Target: 115; Eventual BG 129>=120, 29m@0.720 = 0.348 > req 0.2380952380952381+0.1U", 
  "eventualBG": 129, 
  "timestamp": "2016-04-27T09:23:40.866766", 
  "duration": 30, 
  "tick": "+3"
}