{
  "bg": 153, 
  "temp": "absolute", 
  "snoozeBG": 146, 
  "recieved": true, 
  "predBGs": {
    "COB": [
      153, 
      156, 
      160, 
      162, 
      165, 
      166, 
      168, 
      168, 
      168, 
      168, 
      167, 
      165, 
      163, 
      160, 
      157, 
      153, 
      150, 
      146, 
      143, 
      140, 
      137, 
      134, 
      131, 
      129, 
      126, 
      124, 
      122, 
      120, 
      118, 
      117, 
      116, 
      114, 
      113, 
      113, 
      112, 
      111
    ], 
    "aCOB": [
      153, 
      159, 
      163, 
      167, 
      171, 
      173, 
      174, 
      175, 
      174, 
      173, 
      170, 
      167, 
      163, 
      160, 
      156, 
      152, 
      149, 
      145, 
      142, 
      139, 
      136, 
      133, 
      130, 
      128, 
      125, 
      123, 
      121, 
      119, 
      117, 
      116, 
      114, 
      113, 
      112, 
      111, 
      111, 
      110
    ], 
    "IOB": [
      153, 
      156, 
      159, 
      162, 
      163, 
      165, 
      165, 
      165, 
      164, 
      162, 
      160, 
      157, 
      153, 
      150, 
      146, 
      142, 
      139, 
      135, 
      132, 
      129, 
      126, 
      123, 
      120, 
      118, 
      115, 
      113, 
      111, 
      109, 
      107, 
      106, 
      104, 
      103, 
      102, 
      101, 
      101, 
      100
    ]
  }, 
  "rate": 1.5, 
  "reason": "COB: 11, Dev: 45, BGI: -3.53, ISF: 71.4, Target: 115; Eventual BG 146>=115, 28m@1.160 = 0.541 > req 0.43417366946778707+0.1U", 
  "eventualBG": 146, 
  "timestamp": "2016-06-01T08:34:02.703307", 
  "duration": 30, 
  "tick": "+4"
}