{
  "bg": 141, 
  "temp": "absolute", 
  "snoozeBG": 188, 
  "recieved": true, 
  "predBGs": {
    "COB": [
      141, 
      150, 
      159, 
      167, 
      175, 
      182, 
      189, 
      195, 
      200, 
      204, 
      207, 
      210, 
      211, 
      212, 
      211, 
      210, 
      208, 
      206, 
      203, 
      200, 
      196, 
      193, 
      189, 
      185, 
      181, 
      178, 
      174, 
      171, 
      169, 
      166, 
      164, 
      162, 
      160, 
      159, 
      158, 
      157, 
      156
    ], 
    "aCOB": [
      141, 
      149, 
      156, 
      163, 
      170, 
      176, 
      182, 
      187, 
      191, 
      195, 
      198, 
      200, 
      201, 
      202, 
      202, 
      201, 
      200, 
      198, 
      196, 
      194, 
      191, 
      189, 
      186, 
      184, 
      181, 
      178, 
      175, 
      172, 
      169, 
      167, 
      165, 
      163, 
      161, 
      160, 
      158, 
      158, 
      157
    ], 
    "IOB": [
      141, 
      150, 
      158, 
      165, 
      171, 
      175, 
      179, 
      182, 
      183, 
      183, 
      181, 
      179, 
      174, 
      170, 
      165, 
      160, 
      154, 
      149, 
      143, 
      138, 
      133, 
      129, 
      124, 
      120, 
      116, 
      113, 
      110, 
      106, 
      104, 
      101, 
      99, 
      97, 
      95, 
      94, 
      93, 
      92, 
      91
    ]
  }, 
  "rate": 1.55, 
  "reason": "COB: 31, Dev: 70, BGI: -1.72, ISF: 78.4, Target: 115; Eventual BG 156>=115, 29m@1.490 = 0.720 > req 0.5229591836734694+0.1U", 
  "eventualBG": 156, 
  "timestamp": "2016-05-16T11:13:03.510457", 
  "duration": 30, 
  "tick": "+10"
}