{
  "bg": 174, 
  "temp": "absolute", 
  "snoozeBG": 158, 
  "recieved": true, 
  "predBGs": {
    "COB": [
      174, 
      174, 
      173, 
      172, 
      171, 
      170, 
      169, 
      167, 
      165, 
      163, 
      161, 
      159, 
      156, 
      153, 
      150, 
      147, 
      144, 
      141, 
      137, 
      135, 
      132, 
      129, 
      127, 
      125, 
      123, 
      122, 
      121, 
      120, 
      119, 
      118, 
      118, 
      118, 
      118, 
      119, 
      119, 
      120, 
      121
    ], 
    "aCOB": [
      174, 
      181, 
      188, 
      194, 
      200, 
      205, 
      210, 
      214, 
      218, 
      221, 
      223, 
      225, 
      227, 
      228, 
      228, 
      228, 
      227, 
      227, 
      226, 
      224, 
      223, 
      222, 
      220, 
      219, 
      217, 
      216, 
      214, 
      212, 
      210, 
      208, 
      206, 
      205, 
      203, 
      202, 
      201, 
      200
    ], 
    "IOB": [
      174, 
      174, 
      173, 
      172, 
      170, 
      168, 
      166, 
      163, 
      160, 
      157, 
      153, 
      149, 
      144, 
      140, 
      135, 
      130, 
      125, 
      120, 
      115, 
      110, 
      106, 
      101, 
      97, 
      94, 
      90, 
      87, 
      84, 
      82, 
      80, 
      77, 
      76, 
      74, 
      72, 
      71, 
      70, 
      70, 
      69
    ]
  }, 
  "rate": 0.75, 
  "reason": "COB: 34, Dev: 14, BGI: -2.25, Target: 115; Eventual BG 124>=115, 28m@1.480 = 0.691 > req 0.11583011583011582+0.1U", 
  "eventualBG": 124, 
  "timestamp": "2016-05-04T14:40:14.259763", 
  "duration": 30, 
  "tick": "+0"
}