{
  "bg": 160, 
  "temp": "absolute", 
  "snoozeBG": 117, 
  "recieved": true, 
  "predBGs": {
    "COB": [
      160, 
      161, 
      161, 
      162, 
      162, 
      162, 
      162, 
      161, 
      160, 
      158, 
      156, 
      153, 
      150, 
      147, 
      144, 
      141, 
      138, 
      135, 
      132, 
      129, 
      127, 
      125, 
      123, 
      121, 
      120, 
      119, 
      118, 
      117, 
      117, 
      116, 
      116, 
      116, 
      117, 
      117, 
      118, 
      118, 
      119
    ], 
    "aCOB": [
      160, 
      167, 
      174, 
      179, 
      184, 
      188, 
      191, 
      193, 
      193, 
      193, 
      191, 
      189, 
      185, 
      181, 
      176, 
      171, 
      166, 
      161, 
      156, 
      152, 
      148, 
      144, 
      140, 
      137, 
      134, 
      131, 
      129, 
      127, 
      125, 
      124, 
      123, 
      122, 
      121, 
      121, 
      120
    ], 
    "IOB": [
      160, 
      161, 
      161, 
      161, 
      160, 
      159, 
      158, 
      156, 
      153, 
      149, 
      145, 
      141, 
      136, 
      130, 
      125, 
      120, 
      115, 
      110, 
      105, 
      101, 
      96, 
      93, 
      89, 
      86, 
      83, 
      80, 
      78, 
      76, 
      74, 
      73, 
      72, 
      71, 
      70, 
      69
    ]
  }, 
  "rate": 0.675, 
  "reason": "COB: 18, Dev: 19, BGI: -2.18, Target: 115; Eventual BG 119>=115, 28m@0.295 = 0.138 > req 0.027510316368638238+0.1U", 
  "eventualBG": 119, 
  "timestamp": "2016-05-12T09:35:09.413665", 
  "duration": 30, 
  "tick": "+1"
}