{
  "bg": 102, 
  "temp": "absolute", 
  "snoozeBG": 165, 
  "recieved": true, 
  "predBGs": {
    "COB": [
      102, 
      109, 
      116, 
      123, 
      129, 
      136, 
      141, 
      146, 
      150, 
      152, 
      154, 
      155, 
      155, 
      154, 
      152, 
      149, 
      146, 
      142, 
      138, 
      134, 
      130, 
      127, 
      123, 
      120, 
      117, 
      114, 
      111, 
      108, 
      106, 
      104, 
      102, 
      100, 
      99, 
      98, 
      97, 
      96, 
      95
    ], 
    "aCOB": [
      102, 
      111, 
      119, 
      127, 
      135, 
      142, 
      148, 
      152, 
      156, 
      158, 
      159, 
      159, 
      158, 
      156, 
      152, 
      149, 
      145, 
      141, 
      137, 
      133, 
      129, 
      126, 
      122, 
      119, 
      116, 
      113, 
      110, 
      107, 
      105, 
      103, 
      101, 
      99, 
      98, 
      97, 
      96, 
      95, 
      94
    ], 
    "IOB": [
      102, 
      109, 
      115, 
      122, 
      128, 
      133, 
      137, 
      141, 
      143, 
      144, 
      144, 
      143, 
      141, 
      138, 
      135, 
      131, 
      127, 
      123, 
      119, 
      115, 
      112, 
      108, 
      105, 
      101, 
      98, 
      95, 
      92, 
      90, 
      88, 
      85, 
      83, 
      82, 
      80, 
      79, 
      78, 
      77
    ]
  }, 
  "rate": 0.8, 
  "reason": "COB: 13, Dev: 45, BGI: -0.57, Target: 115; Eventual BG 126>=120, 26m@1.420 = 0.615 > req 0.12643678160919541+0.1U", 
  "eventualBG": 126, 
  "timestamp": "2016-04-20T09:36:03.708533", 
  "duration": 30, 
  "tick": "+7"
}