{
  "bg": 146, 
  "temp": "absolute", 
  "snoozeBG": 127, 
  "recieved": true, 
  "predBGs": {
    "COB": [
      146, 
      146, 
      146, 
      146, 
      146, 
      146, 
      145, 
      145, 
      144, 
      144, 
      143, 
      142, 
      141, 
      139, 
      138, 
      136, 
      134, 
      133, 
      131, 
      130, 
      129, 
      128, 
      128, 
      127, 
      127, 
      127, 
      127, 
      127, 
      128, 
      128, 
      129, 
      130, 
      131, 
      133, 
      134, 
      136, 
      137
    ], 
    "aCOB": [
      146, 
      153, 
      160, 
      166, 
      172, 
      178, 
      184, 
      189, 
      193, 
      197, 
      201, 
      204, 
      207, 
      209, 
      211, 
      212, 
      213, 
      214, 
      215, 
      216, 
      216, 
      217, 
      217, 
      217, 
      217, 
      217, 
      217, 
      217, 
      217, 
      217, 
      216, 
      216, 
      215, 
      214, 
      214, 
      213
    ], 
    "IOB": [
      146, 
      146, 
      145, 
      145, 
      144, 
      143, 
      141, 
      139, 
      137, 
      135, 
      132, 
      129, 
      125, 
      122, 
      118, 
      114, 
      110, 
      106, 
      103, 
      99, 
      96, 
      93, 
      90, 
      87, 
      85, 
      83, 
      81, 
      79, 
      78, 
      76, 
      75, 
      74, 
      74, 
      73, 
      73, 
      72
    ]
  }, 
  "rate": 1.05, 
  "reason": "COB: 47, Dev: 15, BGI: -2.55, ISF: 61.5, Target: 115; Eventual BG 137>=115, 20m@1.350 = 0.450 > req 0.1951219512195122+0.1U", 
  "eventualBG": 137, 
  "timestamp": "2016-06-01T13:50:30.889756", 
  "duration": 30, 
  "tick": "+0"
}