{
  "bg": 160, 
  "temp": "absolute", 
  "snoozeBG": 154, 
  "recieved": true, 
  "predBGs": {
    "COB": [
      160, 
      162, 
      165, 
      167, 
      169, 
      170, 
      171, 
      172, 
      173, 
      173, 
      173, 
      172, 
      172, 
      171, 
      170, 
      168, 
      167, 
      166, 
      164, 
      163, 
      161, 
      160, 
      159, 
      158, 
      157, 
      156, 
      155, 
      154, 
      154, 
      153
    ], 
    "aCOB": [
      160, 
      169, 
      176, 
      183, 
      189, 
      194, 
      197, 
      200, 
      201, 
      201, 
      201, 
      199, 
      196, 
      193, 
      190, 
      187, 
      183, 
      180, 
      177, 
      174, 
      172, 
      169, 
      166, 
      164, 
      162, 
      160, 
      158, 
      156, 
      155, 
      154, 
      153, 
      152, 
      151, 
      151, 
      151, 
      150
    ], 
    "IOB": [
      160, 
      162, 
      164, 
      166, 
      167, 
      167, 
      168, 
      167, 
      167, 
      165, 
      163, 
      161, 
      158, 
      155, 
      152, 
      149, 
      146, 
      143, 
      140, 
      137, 
      134, 
      131, 
      129, 
      126, 
      124, 
      122, 
      120, 
      119, 
      117, 
      116, 
      115, 
      114, 
      114, 
      113, 
      113, 
      113, 
      112
    ]
  }, 
  "rate": 1.0, 
  "reason": "COB: 18, Dev: 15, BGI: -0.52, Target: 140; Eventual BG 153>=140, 27m@0.690 = 0.311 > req 0.19817073170731708+0.1U", 
  "eventualBG": 153, 
  "timestamp": "2016-05-10T15:48:13.862463", 
  "duration": 30, 
  "tick": "+2"
}