{
  "bg": 183, 
  "temp": "absolute", 
  "snoozeBG": 112, 
  "recieved": true, 
  "predBGs": {
    "COB": [
      183, 
      197, 
      209, 
      219, 
      226, 
      232, 
      235, 
      236, 
      235, 
      232, 
      228, 
      222, 
      216, 
      209, 
      203, 
      196, 
      188, 
      181, 
      174, 
      167, 
      160, 
      154, 
      148, 
      143, 
      138, 
      133, 
      129, 
      126, 
      123, 
      120, 
      118, 
      116, 
      115, 
      113, 
      112, 
      111, 
      110
    ], 
    "aCOB": [
      183, 
      190, 
      195, 
      199, 
      201, 
      201, 
      199, 
      195, 
      190, 
      182, 
      174, 
      166, 
      156, 
      147, 
      138, 
      129, 
      120, 
      112, 
      104, 
      96, 
      90, 
      83, 
      78, 
      73, 
      70, 
      67, 
      65, 
      64, 
      64, 
      64, 
      66, 
      68, 
      70, 
      72, 
      75, 
      78, 
      81
    ], 
    "IOB": [
      183, 
      196, 
      206, 
      213, 
      217, 
      218, 
      216, 
      211, 
      203, 
      191, 
      178, 
      163, 
      145, 
      129, 
      112, 
      96, 
      80, 
      65, 
      50, 
      39
    ]
  }, 
  "rate": 1.05, 
  "reason": "COB: 44, Dev: 104, BGI: -2.94, ISF: 101.3, Target: 85; Eventual BG 110>=85, 29m@1.650 = 0.797 > req 0.24679170779861798+0.1U", 
  "COB": 44, 
  "eventualBG": 110, 
  "timestamp": "2016-06-11T20:13:39.327483", 
  "duration": 30, 
  "tick": "+29", 
  "IOB": 2.666
}