{
  "bg": 135, 
  "temp": "absolute", 
  "snoozeBG": 149, 
  "recieved": true, 
  "predBGs": {
    "COB": [
      135, 
      144, 
      152, 
      159, 
      165, 
      171, 
      175, 
      179, 
      183, 
      185, 
      187, 
      189, 
      189, 
      189, 
      189, 
      188, 
      187, 
      185, 
      183, 
      181, 
      178, 
      175, 
      173, 
      170, 
      166, 
      164, 
      161, 
      159, 
      157, 
      155, 
      154, 
      152, 
      151, 
      151, 
      150, 
      149
    ], 
    "aCOB": [
      135, 
      142, 
      148, 
      154, 
      159, 
      163, 
      167, 
      170, 
      172, 
      174, 
      176, 
      177, 
      177, 
      177, 
      177, 
      176, 
      175, 
      174, 
      173, 
      172, 
      170, 
      169, 
      167, 
      166, 
      164, 
      163, 
      161, 
      160, 
      158, 
      156, 
      155, 
      153, 
      152, 
      152, 
      151, 
      150
    ], 
    "IOB": [
      135, 
      143, 
      150, 
      156, 
      160, 
      163, 
      165, 
      165, 
      165, 
      163, 
      160, 
      155, 
      150, 
      145, 
      139, 
      134, 
      128, 
      123, 
      118, 
      113, 
      109, 
      104, 
      101, 
      97, 
      94, 
      91, 
      89, 
      87, 
      85, 
      83, 
      81, 
      80, 
      79, 
      78, 
      77, 
      77, 
      76
    ]
  }, 
  "rate": 1.6, 
  "reason": "COB: 39, Dev: 72, BGI: -2.6, Target: 115; Eventual BG 149>=120, 27m@1.400 = 0.630 > req 0.5097451274362819+0.1U", 
  "eventualBG": 149, 
  "timestamp": "2016-04-24T13:05:57.536423", 
  "duration": 30, 
  "tick": "+11"
}