{
  "bg": 114, 
  "temp": "absolute", 
  "snoozeBG": 128, 
  "recieved": true, 
  "predBGs": {
    "COB": [
      114, 
      116, 
      118, 
      121, 
      123, 
      126, 
      128, 
      131, 
      134, 
      136, 
      139, 
      141, 
      144, 
      146, 
      148, 
      149, 
      151, 
      153, 
      154, 
      156, 
      158, 
      160, 
      161, 
      163, 
      165, 
      167, 
      169, 
      171, 
      174, 
      176, 
      178, 
      180, 
      183, 
      186, 
      188, 
      191, 
      194
    ], 
    "aCOB": [
      114, 
      122, 
      129, 
      137, 
      144, 
      152, 
      159, 
      167, 
      174, 
      181, 
      188, 
      194, 
      200, 
      206, 
      211, 
      217, 
      221, 
      226, 
      231, 
      235, 
      240, 
      244, 
      248, 
      252, 
      256, 
      260, 
      264, 
      268, 
      271, 
      275, 
      278, 
      281, 
      285, 
      288, 
      291, 
      294, 
      297
    ], 
    "IOB": [
      114, 
      116, 
      117, 
      119, 
      120, 
      121, 
      122, 
      122, 
      122, 
      122, 
      121, 
      120, 
      118, 
      117, 
      115, 
      113, 
      111, 
      109, 
      106, 
      105, 
      103, 
      101, 
      99, 
      98, 
      96, 
      95, 
      93, 
      92, 
      91, 
      90, 
      89, 
      88, 
      87, 
      87, 
      86
    ]
  }, 
  "rate": 0.925, 
  "reason": "COB: 69, Dev: 26, BGI: -2.3, ISF: 69.6, Target: 115; Eventual BG 194>=115, 17m@1.430 = 0.405 > req 0.18678160919540232+0.1U", 
  "eventualBG": 194, 
  "timestamp": "2016-05-18T15:24:01.017503", 
  "duration": 30, 
  "tick": "+2"
}