{
  "bg": 165, 
  "temp": "absolute", 
  "snoozeBG": 139, 
  "recieved": true, 
  "predBGs": {
    "COB": [
      165, 
      166, 
      166, 
      165, 
      164, 
      162, 
      159, 
      157, 
      155, 
      153, 
      151, 
      149, 
      147, 
      146, 
      144, 
      142, 
      141, 
      140, 
      139, 
      139, 
      139, 
      139, 
      140, 
      141, 
      142, 
      144, 
      146, 
      149, 
      151, 
      154, 
      156, 
      159, 
      161, 
      164, 
      167, 
      169, 
      172
    ], 
    "aCOB": [
      165, 
      169, 
      171, 
      173, 
      175, 
      175, 
      175, 
      175, 
      175, 
      175, 
      175, 
      174, 
      174, 
      174, 
      174, 
      174, 
      174, 
      174, 
      174, 
      174, 
      175, 
      176, 
      177, 
      178, 
      180, 
      182, 
      184, 
      187, 
      189, 
      191, 
      193, 
      195, 
      197, 
      199, 
      201, 
      203, 
      204
    ], 
    "IOB": [
      165, 
      165, 
      164, 
      162, 
      159, 
      155, 
      150, 
      144, 
      138, 
      132, 
      125, 
      118, 
      110, 
      103, 
      96, 
      89, 
      83, 
      76, 
      70, 
      65, 
      60, 
      56, 
      52, 
      48, 
      45, 
      43, 
      41, 
      39
    ]
  }, 
  "rate": 1.175, 
  "reason": "COB: 49, Dev: 43, BGI: -6.22, Target: 115; Eventual BG 172>=120, 29m@0.960 = 0.464 > req 0.3088803088803089+0.1U", 
  "eventualBG": 172, 
  "timestamp": "2016-04-26T10:54:27.540408", 
  "duration": 30, 
  "tick": "+1"
}