{
  "bg": 133, 
  "temp": "absolute", 
  "snoozeBG": 116, 
  "recieved": true, 
  "predBGs": {
    "COB": [
      133, 
      133, 
      132, 
      130, 
      127, 
      125, 
      122, 
      120, 
      117, 
      115, 
      112, 
      110, 
      107, 
      105, 
      103, 
      100, 
      98, 
      96, 
      94, 
      92, 
      91, 
      89, 
      88, 
      86, 
      85, 
      84, 
      83, 
      83, 
      82, 
      81, 
      81, 
      80, 
      80, 
      80, 
      79
    ], 
    "aCOB": [
      133, 
      131, 
      129, 
      127, 
      124, 
      122, 
      119, 
      117, 
      114, 
      112, 
      109, 
      107, 
      104, 
      102, 
      100, 
      97, 
      95, 
      93, 
      91, 
      89, 
      88, 
      86, 
      85, 
      83, 
      82, 
      81, 
      80, 
      79, 
      79, 
      78, 
      78, 
      77, 
      77, 
      77, 
      76
    ], 
    "IOB": [
      133, 
      135, 
      136, 
      137, 
      137, 
      137, 
      137, 
      136, 
      135, 
      133, 
      131, 
      129, 
      127, 
      125, 
      122, 
      120, 
      118, 
      116, 
      114, 
      112, 
      110, 
      109, 
      107, 
      106, 
      105, 
      104, 
      103, 
      102, 
      101, 
      101, 
      100, 
      100, 
      99
    ]
  }, 
  "rate": 0.675, 
  "reason": "COB: 1, Dev: 24, BGI: -2.06, ISF: 68.8, Target: 115; Eventual BG 116 >= 115, 18m@0.650 = 0.195 > req 0.014534883720930232+0.1U. Setting temp basal of 0.675U/hr", 
  "COB": 1, 
  "eventualBG": 116, 
  "timestamp": "2016-07-14T00:04:05.340229", 
  "duration": 30, 
  "tick": "+5", 
  "IOB": 0.595
}