{
  "bg": 119, 
  "temp": "absolute", 
  "snoozeBG": 119, 
  "recieved": true, 
  "predBGs": {
    "COB": [
      119, 
      120, 
      120, 
      121, 
      121, 
      121, 
      120, 
      120, 
      119, 
      119, 
      119, 
      120, 
      120, 
      120, 
      121, 
      121, 
      122, 
      122, 
      123, 
      124, 
      125, 
      126, 
      127, 
      128, 
      130, 
      132, 
      133, 
      135, 
      138, 
      140, 
      142, 
      144, 
      146, 
      148, 
      150, 
      152, 
      154
    ], 
    "aCOB": [
      119, 
      125, 
      131, 
      137, 
      142, 
      147, 
      151, 
      154, 
      158, 
      162, 
      165, 
      169, 
      172, 
      175, 
      178, 
      180, 
      183, 
      185, 
      187, 
      189, 
      191, 
      193, 
      194, 
      196, 
      197, 
      198, 
      200, 
      201, 
      202, 
      202, 
      203, 
      203, 
      203, 
      202
    ], 
    "IOB": [
      119, 
      119, 
      119, 
      119, 
      118, 
      116, 
      114, 
      112, 
      109, 
      106, 
      104, 
      101, 
      98, 
      95, 
      92, 
      89, 
      86, 
      84, 
      81, 
      79, 
      77, 
      75, 
      73, 
      72, 
      70, 
      69, 
      69, 
      68, 
      67, 
      67, 
      66, 
      66, 
      65
    ]
  }, 
  "rate": 0.75, 
  "reason": "COB: 38, Dev: 25, BGI: -3.23, Target: 115; Eventual BG 154>=115, 23m@0.620 = 0.238 > req 0.0544959128065395+0.1U", 
  "eventualBG": 154, 
  "timestamp": "2016-04-28T10:53:34.627109", 
  "duration": 30, 
  "tick": "+1"
}