{
  "bg": 188, 
  "temp": "absolute", 
  "snoozeBG": 135, 
  "recieved": true, 
  "predBGs": {
    "COB": [
      188, 
      193, 
      196, 
      198, 
      199, 
      199, 
      197, 
      195, 
      191, 
      186, 
      181, 
      176, 
      170, 
      165, 
      161, 
      156, 
      152, 
      148, 
      145, 
      142, 
      139, 
      137, 
      136, 
      135, 
      135, 
      135, 
      136, 
      138, 
      140, 
      142, 
      145, 
      148, 
      151, 
      154, 
      157, 
      160, 
      163
    ], 
    "aCOB": [
      188, 
      193, 
      196, 
      198, 
      199, 
      199, 
      197, 
      195, 
      191, 
      186, 
      181, 
      176, 
      170, 
      165, 
      161, 
      156, 
      152, 
      148, 
      145, 
      142, 
      139, 
      137, 
      136, 
      135, 
      135, 
      135, 
      136, 
      138, 
      140, 
      142, 
      145, 
      148, 
      151, 
      154, 
      157, 
      160, 
      163
    ], 
    "IOB": [
      188, 
      192, 
      194, 
      195, 
      193, 
      189, 
      184, 
      177, 
      168, 
      157, 
      146, 
      133, 
      120, 
      108, 
      96, 
      84, 
      73, 
      63, 
      53, 
      43, 
      39
    ]
  }, 
  "rate": 1.25, 
  "reason": "COB: 55, Dev: 59, BGI: -5.1, Target: 115; Eventual BG 163>=120, 29m@0.810 = 0.392 > req 0.26490066225165565+0.1U", 
  "eventualBG": 163, 
  "timestamp": "2016-04-22T20:48:36.839536", 
  "duration": 30, 
  "tick": "+8"
}