{
  "bg": 150, 
  "temp": "absolute", 
  "snoozeBG": 154, 
  "recieved": true, 
  "predBGs": {
    "COB": [
      150, 
      158, 
      165, 
      171, 
      176, 
      180, 
      183, 
      185, 
      186, 
      186, 
      185, 
      183, 
      180, 
      176, 
      171, 
      165, 
      159, 
      154, 
      150, 
      147, 
      144, 
      142, 
      141, 
      140, 
      139, 
      138, 
      137, 
      136, 
      135, 
      134, 
      133, 
      132, 
      131, 
      130, 
      130, 
      130, 
      130
    ], 
    "aCOB": [
      150, 
      145, 
      141, 
      137, 
      133, 
      130, 
      127, 
      124, 
      121, 
      119, 
      117, 
      115, 
      114, 
      113, 
      112, 
      112, 
      112, 
      112, 
      113, 
      114, 
      116, 
      118, 
      120, 
      122, 
      124, 
      126, 
      128, 
      129, 
      130, 
      131, 
      132, 
      133, 
      133, 
      133, 
      133, 
      133, 
      133
    ], 
    "IOB": [
      150, 
      135, 
      121, 
      108, 
      95, 
      83, 
      72, 
      61, 
      51, 
      41, 
      32, 
      23, 
      15, 
      8, 
      1, 
      -5, 
      -11, 
      -16, 
      -20, 
      -23, 
      -26, 
      -28, 
      -29, 
      -30, 
      -31, 
      -32, 
      -33, 
      -34, 
      -35, 
      -36, 
      -37, 
      -38, 
      -39, 
      -40, 
      -40, 
      -40, 
      -40
    ]
  }, 
  "rate": 0.925, 
  "reason": "COB: 17, Dev: 141, BGI: -14.53, Target: 115; Eventual BG 141>=120, 29m@0.735 = 0.355 > req 0.2469135802469136+0.1U", 
  "eventualBG": 141, 
  "timestamp": "2016-04-16T08:24:00.718488", 
  "duration": 30, 
  "tick": "+9"
}