{
  "requested": {
    "duration": 30, 
    "rate": 1.85, 
    "temp": "absolute"
  }, 
  "bg": 83, 
  "temp": "absolute", 
  "snoozeBG": 177, 
  "timestamp": "2016-06-11T19:38:18.546660", 
  "predBGs": {
    "COB": [
      83, 
      90, 
      97, 
      103, 
      109, 
      114, 
      118, 
      122, 
      125, 
      127, 
      128, 
      128, 
      128, 
      127, 
      125, 
      123, 
      121, 
      118, 
      115, 
      112, 
      109, 
      105, 
      102, 
      99, 
      96, 
      93, 
      91, 
      88, 
      86, 
      83, 
      81, 
      79, 
      78, 
      76, 
      75, 
      74, 
      73
    ], 
    "aCOB": [
      83, 
      94, 
      103, 
      109, 
      113, 
      116, 
      119, 
      121, 
      123, 
      124, 
      125, 
      125, 
      125, 
      124, 
      123, 
      121, 
      118, 
      115, 
      112, 
      109, 
      106, 
      103, 
      100, 
      97, 
      94, 
      91, 
      88, 
      85, 
      83, 
      81, 
      79, 
      77, 
      75, 
      74, 
      72, 
      71
    ], 
    "IOB": [
      83, 
      90, 
      97, 
      103, 
      109, 
      115, 
      119, 
      123, 
      126, 
      129, 
      130, 
      131, 
      131, 
      130, 
      128, 
      126, 
      124, 
      121, 
      118, 
      115, 
      112, 
      109, 
      105, 
      102, 
      99, 
      96, 
      94, 
      91, 
      89, 
      86, 
      84, 
      82, 
      81, 
      79, 
      78, 
      77, 
      76
    ]
  }, 
  "rate": 2.25, 
  "reason": "COB: 4, Dev: 26, BGI: 3, ISF: 90.9, Target: 83; Eventual BG 139>=83, 29m@1.630 = 0.788 > req 0.616061606160616+0.1U", 
  "COB": 4, 
  "eventualBG": 139, 
  "recieved": false, 
  "duration": 29, 
  "tick": "+13", 
  "IOB": -0.371
}