{
  "bg": 151, 
  "temp": "absolute", 
  "snoozeBG": 162, 
  "recieved": true, 
  "predBGs": {
    "COB": [
      151, 
      154, 
      157, 
      159, 
      160, 
      160, 
      159, 
      158, 
      156, 
      153, 
      150, 
      146, 
      142, 
      137, 
      132, 
      127, 
      122, 
      117, 
      112, 
      107, 
      102, 
      97, 
      92, 
      88, 
      84, 
      80, 
      76, 
      73, 
      70, 
      67, 
      65, 
      63, 
      61, 
      60, 
      59, 
      58, 
      57
    ], 
    "aCOB": [
      151, 
      158, 
      162, 
      162, 
      161, 
      160, 
      158, 
      156, 
      153, 
      150, 
      147, 
      143, 
      139, 
      134, 
      129, 
      124, 
      119, 
      114, 
      109, 
      104, 
      99, 
      94, 
      89, 
      85, 
      81, 
      77, 
      73, 
      70, 
      67, 
      64, 
      62, 
      60, 
      58, 
      57, 
      56, 
      55, 
      54
    ], 
    "IOB": [
      151, 
      151, 
      151, 
      150, 
      149, 
      148, 
      146, 
      144, 
      141, 
      138, 
      135, 
      131, 
      127, 
      122, 
      117, 
      112, 
      107, 
      102, 
      97, 
      92, 
      87, 
      82, 
      77, 
      73, 
      69, 
      65, 
      61, 
      58, 
      55, 
      52, 
      50, 
      48, 
      46, 
      45, 
      44, 
      43, 
      42
    ]
  }, 
  "rate": 0.65, 
  "reason": "COB: 3, Dev: 25, BGI: -0.24, Target: 115; Eventual BG 122>=120, 28m@1.510 = 0.705 > req 0.07438894792773645+0.1U", 
  "eventualBG": 122, 
  "timestamp": "2016-04-14T09:52:12.080277", 
  "duration": 30, 
  "tick": "+4"
}