{
  "bg": 136, 
  "temp": "absolute", 
  "snoozeBG": 118, 
  "recieved": true, 
  "predBGs": {
    "COB": [
      136, 
      136, 
      137, 
      137, 
      138, 
      138, 
      138, 
      138, 
      137, 
      137, 
      137, 
      136, 
      136, 
      135, 
      135, 
      134, 
      133, 
      132, 
      131, 
      129, 
      128, 
      126, 
      125, 
      123, 
      122, 
      120, 
      119, 
      118, 
      117, 
      117, 
      116, 
      116, 
      115, 
      115, 
      115, 
      114
    ], 
    "aCOB": [
      136, 
      142, 
      147, 
      150, 
      152, 
      152, 
      151, 
      149, 
      147, 
      144, 
      142, 
      140, 
      139, 
      137, 
      135, 
      134, 
      132, 
      130, 
      128, 
      126, 
      125, 
      123, 
      121, 
      120, 
      118, 
      117, 
      116, 
      115, 
      114, 
      113, 
      113, 
      112, 
      112, 
      112, 
      111
    ], 
    "IOB": [
      136, 
      136, 
      137, 
      137, 
      136, 
      136, 
      135, 
      134, 
      133, 
      132, 
      130, 
      129, 
      127, 
      125, 
      124, 
      122, 
      120, 
      118, 
      116, 
      115, 
      113, 
      111, 
      110, 
      108, 
      107, 
      105, 
      104, 
      103, 
      102, 
      102, 
      101, 
      101, 
      100, 
      100, 
      100, 
      99
    ]
  }, 
  "rate": 0.675, 
  "reason": "COB: 6, Dev: 18, BGI: -2.38, ISF: 76.9, Target: 115; Eventual BG 118>=115, 29m@0.500 = 0.242 > req 0.03901170351105331+0.1U", 
  "eventualBG": 118, 
  "timestamp": "2016-05-20T08:53:14.070466", 
  "duration": 30, 
  "tick": "+1"
}