{
  "bg": 121, 
  "temp": "absolute", 
  "snoozeBG": 98, 
  "recieved": true, 
  "predBGs": {
    "IOB": [
      121, 
      118, 
      116, 
      114, 
      112, 
      110, 
      108, 
      106, 
      105, 
      104, 
      104, 
      103, 
      104, 
      104, 
      104, 
      105, 
      106, 
      106, 
      107, 
      108, 
      109, 
      109, 
      110, 
      111, 
      112, 
      112, 
      113, 
      114, 
      115, 
      115, 
      116, 
      117, 
      117, 
      118, 
      118, 
      118, 
      118, 
      118, 
      118, 
      119
    ]
  }, 
  "reason": "COB: 0, Dev: -18, BGI: 0.33, ISF: 95, Target: 100; Eventual BG 98 < 100, 23m@-0.600 = -0.230 < req -0.042105263157894736-0.18", 
  "rate": 0.525, 
  "COB": 0, 
  "eventualBG": 98, 
  "timestamp": "2017-07-07T14:47:26.420717", 
  "duration": 30, 
  "tick": -2, 
  "IOB": 0.051
}