{
  "bg": 174, 
  "temp": "absolute", 
  "snoozeBG": 165, 
  "recieved": true, 
  "predBGs": {
    "COB": [
      174, 
      176, 
      178, 
      179, 
      180, 
      180, 
      180, 
      179, 
      178, 
      175, 
      173, 
      169, 
      165, 
      160, 
      154, 
      148, 
      143, 
      137, 
      132, 
      127, 
      122, 
      117, 
      113, 
      109, 
      105, 
      102, 
      98, 
      95, 
      93, 
      90, 
      88, 
      86, 
      85, 
      84, 
      83, 
      82
    ], 
    "aCOB": [
      174, 
      178, 
      182, 
      185, 
      186, 
      187, 
      187, 
      185, 
      182, 
      179, 
      174, 
      169, 
      164, 
      158, 
      153, 
      147, 
      141, 
      136, 
      130, 
      125, 
      120, 
      116, 
      111, 
      107, 
      104, 
      100, 
      97, 
      94, 
      91, 
      89, 
      87, 
      85, 
      84, 
      82, 
      81, 
      81, 
      80
    ], 
    "IOB": [
      174, 
      176, 
      177, 
      178, 
      179, 
      179, 
      178, 
      177, 
      175, 
      172, 
      169, 
      164, 
      159, 
      154, 
      148, 
      142, 
      137, 
      131, 
      126, 
      120, 
      116, 
      111, 
      107, 
      103, 
      99, 
      95, 
      92, 
      89, 
      87, 
      84, 
      82, 
      80, 
      79, 
      78, 
      77, 
      76
    ]
  }, 
  "rate": 1.05, 
  "reason": "COB: 12, Dev: 45, BGI: -4.47, Target: 115; Eventual BG 133>=115, 28m@1.440 = 0.672 > req 0.24965325936199725+0.1U", 
  "eventualBG": 133, 
  "timestamp": "2016-05-12T16:45:08.428222", 
  "duration": 30, 
  "tick": "+3"
}