{
  "bg": 186, 
  "temp": "absolute", 
  "snoozeBG": 148, 
  "recieved": true, 
  "predBGs": {
    "COB": [
      186, 
      189, 
      192, 
      195, 
      197, 
      199, 
      200, 
      200, 
      199, 
      198, 
      196, 
      194, 
      191, 
      188, 
      184, 
      180, 
      176, 
      172, 
      168, 
      165, 
      161, 
      158, 
      155, 
      152, 
      150, 
      148, 
      146, 
      145, 
      144, 
      143, 
      143, 
      143, 
      144, 
      144, 
      145, 
      147, 
      148
    ], 
    "aCOB": [
      186, 
      195, 
      203, 
      211, 
      218, 
      224, 
      229, 
      233, 
      236, 
      238, 
      239, 
      239, 
      238, 
      237, 
      235, 
      232, 
      229, 
      226, 
      222, 
      218, 
      214, 
      210, 
      206, 
      202, 
      198, 
      194, 
      190, 
      187, 
      183, 
      181, 
      178, 
      176, 
      175, 
      174, 
      173, 
      172, 
      171
    ], 
    "IOB": [
      186, 
      189, 
      192, 
      193, 
      194, 
      195, 
      194, 
      192, 
      190, 
      186, 
      181, 
      176, 
      170, 
      163, 
      156, 
      150, 
      143, 
      136, 
      129, 
      122, 
      116, 
      110, 
      104, 
      99, 
      94, 
      89, 
      85, 
      82, 
      78, 
      76, 
      73, 
      71, 
      70, 
      68, 
      68, 
      67, 
      66
    ]
  }, 
  "rate": 1.35, 
  "reason": "COB: 30, Dev: 22, BGI: -0.59, Target: 115; Eventual BG 148>=115, 29m@1.490 = 0.720 > req 0.41666666666666663+0.1U", 
  "eventualBG": 148, 
  "timestamp": "2016-05-13T11:10:07.001155", 
  "duration": 30, 
  "tick": "+3"
}