{
  "bg": 157, 
  "temp": "absolute", 
  "snoozeBG": 116, 
  "recieved": true, 
  "predBGs": {
    "COB": [
      157, 
      158, 
      159, 
      159, 
      159, 
      159, 
      159, 
      158, 
      158, 
      157, 
      155, 
      154, 
      152, 
      150, 
      148, 
      145, 
      143, 
      140, 
      137, 
      134, 
      132, 
      129, 
      127, 
      124, 
      122, 
      120, 
      119, 
      117, 
      116, 
      114, 
      113, 
      112, 
      111, 
      110, 
      110, 
      109
    ], 
    "aCOB": [
      157, 
      164, 
      169, 
      174, 
      178, 
      180, 
      182, 
      182, 
      182, 
      180, 
      177, 
      174, 
      170, 
      166, 
      161, 
      157, 
      153, 
      148, 
      144, 
      140, 
      136, 
      132, 
      128, 
      125, 
      122, 
      119, 
      117, 
      115, 
      113, 
      111, 
      110, 
      109, 
      108, 
      107, 
      106, 
      106, 
      105
    ], 
    "IOB": [
      157, 
      158, 
      158, 
      158, 
      158, 
      157, 
      155, 
      153, 
      151, 
      149, 
      146, 
      142, 
      138, 
      134, 
      130, 
      126, 
      121, 
      117, 
      113, 
      108, 
      104, 
      101, 
      97, 
      94, 
      91, 
      88, 
      86, 
      84, 
      82, 
      80, 
      79, 
      77, 
      76, 
      76, 
      75, 
      75, 
      74
    ]
  }, 
  "rate": 0.675, 
  "reason": "COB: 14, Dev: 20, BGI: -2.41, ISF: 70.8, Target: 115; Eventual BG 116>=115, 29m@1.100 = 0.532 > req 0.014124293785310734+0.1U", 
  "eventualBG": 116, 
  "timestamp": "2016-05-16T09:02:39.506766", 
  "duration": 30, 
  "tick": "+1"
}