{
  "bg": 159, 
  "temp": "absolute", 
  "snoozeBG": 134, 
  "recieved": true, 
  "predBGs": {
    "COB": [
      159, 
      160, 
      160, 
      160, 
      160, 
      160, 
      159, 
      159, 
      158, 
      158, 
      157, 
      156, 
      156, 
      155, 
      154, 
      153, 
      151, 
      150, 
      149, 
      148, 
      147, 
      146, 
      145, 
      144, 
      143, 
      143, 
      142, 
      141, 
      141, 
      140, 
      139, 
      138, 
      137, 
      136, 
      135, 
      135, 
      134
    ], 
    "aCOB": [
      159, 
      163, 
      165, 
      168, 
      170, 
      171, 
      172, 
      173, 
      174, 
      174, 
      174, 
      174, 
      174, 
      173, 
      172, 
      170, 
      169, 
      167, 
      165, 
      162, 
      160, 
      157, 
      154, 
      152, 
      149, 
      147, 
      145, 
      143, 
      141, 
      139, 
      138, 
      137, 
      136, 
      135, 
      134, 
      133
    ], 
    "IOB": [
      159, 
      159, 
      159, 
      158, 
      156, 
      154, 
      152, 
      148, 
      145, 
      141, 
      137, 
      132, 
      126, 
      121, 
      116, 
      111, 
      106, 
      102, 
      97, 
      93, 
      89, 
      86, 
      82, 
      79, 
      77, 
      75, 
      73, 
      71, 
      69, 
      67, 
      66, 
      65, 
      63, 
      63, 
      62, 
      61
    ]
  }, 
  "rate": 1.1, 
  "reason": "COB: 29, Dev: 42, BGI: -6.06, ISF: 72.1, Target: 115; Eventual BG 134>=115, 28m@1.315 = 0.614 > req 0.2635228848821082+0.1U", 
  "eventualBG": 134, 
  "timestamp": "2016-05-18T11:03:07.559023", 
  "duration": 30, 
  "tick": "+1"
}