{
  "bg": 142, 
  "temp": "absolute", 
  "snoozeBG": 153, 
  "recieved": true, 
  "predBGs": {
    "COB": [
      142, 
      146, 
      151, 
      154, 
      157, 
      160, 
      162, 
      163, 
      164, 
      164, 
      164, 
      163, 
      161, 
      159, 
      156, 
      153, 
      149, 
      146, 
      143, 
      139, 
      136, 
      133, 
      130, 
      127, 
      124, 
      121, 
      118, 
      116, 
      114, 
      112, 
      110, 
      109, 
      107, 
      106, 
      105, 
      105, 
      104
    ], 
    "aCOB": [
      142, 
      148, 
      154, 
      159, 
      163, 
      166, 
      169, 
      170, 
      170, 
      169, 
      167, 
      165, 
      162, 
      158, 
      155, 
      152, 
      148, 
      145, 
      142, 
      138, 
      135, 
      132, 
      128, 
      125, 
      122, 
      120, 
      117, 
      115, 
      113, 
      111, 
      109, 
      108, 
      106, 
      105, 
      104, 
      104, 
      103
    ], 
    "IOB": [
      142, 
      146, 
      150, 
      153, 
      156, 
      158, 
      159, 
      160, 
      160, 
      159, 
      157, 
      155, 
      152, 
      148, 
      145, 
      142, 
      138, 
      135, 
      132, 
      128, 
      125, 
      122, 
      118, 
      115, 
      113, 
      110, 
      107, 
      105, 
      103, 
      101, 
      99, 
      98, 
      96, 
      95, 
      94, 
      94, 
      93
    ]
  }, 
  "rate": 1.7, 
  "reason": "COB: 11, Dev: 46, BGI: -2.63, ISF: 72.1, Target: 115; Eventual BG 153>=115, 28m@1.610 = 0.751 > req 0.5270457697642164+0.1U", 
  "eventualBG": 153, 
  "timestamp": "2016-05-16T08:27:42.934837", 
  "duration": 30, 
  "tick": "+5"
}