{
  "bg": 106, 
  "temp": "absolute", 
  "snoozeBG": 123, 
  "recieved": true, 
  "predBGs": {
    "COB": [
      106, 
      107, 
      108, 
      110, 
      113, 
      115, 
      118, 
      120, 
      122, 
      125, 
      127, 
      129, 
      132, 
      134, 
      136, 
      138, 
      140, 
      142, 
      144, 
      146, 
      148, 
      149, 
      151, 
      153, 
      154, 
      156, 
      158, 
      159, 
      161, 
      162, 
      164, 
      166, 
      167, 
      169, 
      171, 
      173, 
      174
    ], 
    "aCOB": [
      106, 
      114, 
      122, 
      131, 
      139, 
      147, 
      155, 
      163, 
      170, 
      177, 
      184, 
      191, 
      197, 
      202, 
      208, 
      213, 
      217, 
      222, 
      226, 
      229, 
      233, 
      235, 
      238, 
      240, 
      242, 
      244, 
      245, 
      246, 
      247, 
      248, 
      248, 
      248, 
      248, 
      247
    ], 
    "IOB": [
      106, 
      107, 
      108, 
      109, 
      111, 
      112, 
      113, 
      114, 
      115, 
      116, 
      116, 
      116, 
      116, 
      116, 
      116, 
      115, 
      115, 
      114, 
      114, 
      114, 
      113, 
      113, 
      112, 
      112, 
      111, 
      111, 
      110, 
      110, 
      109, 
      109, 
      109, 
      108, 
      108, 
      108, 
      107
    ]
  }, 
  "rate": 0.65, 
  "reason": "COB: 30, Dev: 16, BGI: -1.74, ISF: 85.1, Target: 115; Eventual BG 174>=115, 22m@0.530 = 0.194 > req 0.09400705052878966+0.1U", 
  "eventualBG": 174, 
  "timestamp": "2016-05-28T18:37:04.592158", 
  "duration": 30, 
  "tick": "+1"
}