{
  "bg": 199, 
  "temp": "absolute", 
  "snoozeBG": 132, 
  "recieved": true, 
  "predBGs": {
    "COB": [
      199, 
      199, 
      199, 
      199, 
      199, 
      198, 
      197, 
      195, 
      193, 
      190, 
      187, 
      184, 
      180, 
      177, 
      173, 
      169, 
      166, 
      162, 
      159, 
      156, 
      153, 
      150, 
      147, 
      145, 
      143, 
      141, 
      139, 
      138, 
      137, 
      136, 
      135, 
      134, 
      133, 
      133, 
      132
    ], 
    "aCOB": [
      199, 
      205, 
      210, 
      214, 
      217, 
      219, 
      219, 
      218, 
      216, 
      212, 
      207, 
      201, 
      196, 
      191, 
      185, 
      180, 
      175, 
      170, 
      165, 
      160, 
      156, 
      152, 
      149, 
      146, 
      143, 
      140, 
      138, 
      136, 
      134, 
      133, 
      132, 
      131, 
      130, 
      129, 
      129, 
      129, 
      128
    ], 
    "IOB": [
      199, 
      199, 
      199, 
      198, 
      197, 
      195, 
      193, 
      190, 
      187, 
      183, 
      178, 
      173, 
      168, 
      162, 
      157, 
      152, 
      147, 
      142, 
      137, 
      132, 
      128, 
      124, 
      121, 
      117, 
      115, 
      112, 
      110, 
      108, 
      106, 
      105, 
      103, 
      102, 
      102, 
      101, 
      101, 
      100
    ]
  }, 
  "rate": 1.125, 
  "reason": "COB: 14, Dev: 17, BGI: -2.8, Target: 115; Eventual BG 132>=115, 22m@0.975 = 0.357 > req 0.2401129943502825+0.1U", 
  "eventualBG": 132, 
  "timestamp": "2016-05-11T09:45:02.947827", 
  "duration": 30, 
  "tick": "+0"
}