{
  "requested": {
    "duration": 30, 
    "rate": 1.65, 
    "temp": "absolute"
  }, 
  "bg": 113, 
  "temp": "absolute", 
  "snoozeBG": 159, 
  "timestamp": "2016-05-01T11:01:14.604895", 
  "predBGs": {
    "COB": [
      113, 
      117, 
      121, 
      126, 
      131, 
      136, 
      141, 
      146, 
      151, 
      155, 
      159, 
      163, 
      166, 
      169, 
      171, 
      172, 
      173, 
      173, 
      173, 
      173, 
      173, 
      173, 
      172, 
      171, 
      171, 
      170, 
      169, 
      168, 
      167, 
      166, 
      164, 
      163, 
      162, 
      161, 
      160, 
      159
    ], 
    "aCOB": [
      113, 
      121, 
      128, 
      136, 
      143, 
      151, 
      158, 
      165, 
      171, 
      177, 
      181, 
      185, 
      188, 
      191, 
      192, 
      192, 
      192, 
      191, 
      189, 
      187, 
      184, 
      181, 
      179, 
      176, 
      174, 
      172, 
      170, 
      168, 
      166, 
      164, 
      163, 
      161, 
      160, 
      159, 
      158, 
      157
    ], 
    "IOB": [
      113, 
      117, 
      120, 
      124, 
      128, 
      131, 
      134, 
      137, 
      140, 
      141, 
      142, 
      142, 
      142, 
      140, 
      139, 
      137, 
      135, 
      133, 
      130, 
      128, 
      125, 
      122, 
      120, 
      118, 
      115, 
      113, 
      111, 
      109, 
      107, 
      105, 
      104, 
      102, 
      101, 
      100, 
      99, 
      98
    ]
  }, 
  "rate": 1.625, 
  "reason": "COB: 21, Dev: 35, BGI: -1.84, Target: 115; Eventual BG 159>=115, 29m@1.590 = 0.768 > req 0.5612244897959183+0.1U", 
  "eventualBG": 159, 
  "recieved": false, 
  "duration": 30, 
  "tick": "+4"
}