{
  "bg": 122, 
  "temp": "absolute", 
  "snoozeBG": 144, 
  "recieved": true, 
  "predBGs": {
    "COB": [
      122, 
      126, 
      129, 
      133, 
      137, 
      141, 
      144, 
      148, 
      151, 
      155, 
      158, 
      161, 
      163, 
      166, 
      168, 
      170, 
      171, 
      173, 
      174, 
      175, 
      175, 
      176, 
      176, 
      175, 
      174, 
      174, 
      173, 
      172, 
      171, 
      171, 
      170, 
      170, 
      169, 
      169, 
      169, 
      168
    ], 
    "aCOB": [
      122, 
      127, 
      131, 
      136, 
      140, 
      144, 
      148, 
      152, 
      156, 
      160, 
      163, 
      166, 
      169, 
      171, 
      173, 
      174, 
      175, 
      176, 
      177, 
      177, 
      177, 
      176, 
      176, 
      175, 
      174, 
      173, 
      172, 
      171, 
      171, 
      170, 
      170, 
      169, 
      169, 
      168
    ], 
    "IOB": [
      122, 
      125, 
      128, 
      131, 
      133, 
      135, 
      136, 
      137, 
      138, 
      138, 
      137, 
      136, 
      134, 
      132, 
      130, 
      129, 
      127, 
      126, 
      125, 
      124, 
      123, 
      122, 
      121, 
      120, 
      119, 
      118, 
      118, 
      117, 
      116, 
      116, 
      115, 
      115, 
      114, 
      114, 
      114, 
      113
    ]
  }, 
  "rate": 0.75, 
  "reason": "COB: 33, Dev: 56, BGI: -4.99, Target: 140; Eventual BG 168>=140, 18m@0.740 = 0.222 > req 0.06051437216338881+0.1U", 
  "eventualBG": 168, 
  "timestamp": "2016-05-10T13:20:08.048033", 
  "duration": 30, 
  "tick": "+5"
}