{
  "bg": 155, 
  "temp": "absolute", 
  "snoozeBG": 142, 
  "recieved": true, 
  "predBGs": {
    "COB": [
      155, 
      156, 
      157, 
      158, 
      159, 
      160, 
      161, 
      161, 
      161, 
      161, 
      160, 
      159, 
      157, 
      156, 
      154, 
      153, 
      151, 
      149, 
      148, 
      146, 
      145, 
      144, 
      143, 
      142, 
      142, 
      142, 
      142, 
      142, 
      143, 
      143, 
      144, 
      146, 
      147, 
      149, 
      151, 
      152, 
      154
    ], 
    "aCOB": [
      155, 
      163, 
      170, 
      178, 
      185, 
      192, 
      199, 
      205, 
      210, 
      215, 
      220, 
      223, 
      227, 
      230, 
      233, 
      235, 
      237, 
      239, 
      241, 
      243, 
      245, 
      247, 
      249, 
      251, 
      253, 
      255, 
      258, 
      260, 
      262, 
      265, 
      267, 
      269, 
      272, 
      274, 
      277, 
      279, 
      281
    ], 
    "IOB": [
      155, 
      156, 
      156, 
      157, 
      157, 
      156, 
      156, 
      155, 
      153, 
      150, 
      147, 
      144, 
      139, 
      135, 
      131, 
      126, 
      122, 
      118, 
      113, 
      109, 
      105, 
      101, 
      98, 
      95, 
      92, 
      89, 
      87, 
      84, 
      83, 
      81, 
      80, 
      78, 
      78, 
      77, 
      76, 
      76, 
      75
    ]
  }, 
  "rate": 1.3, 
  "reason": "COB: 61, Dev: 18, BGI: -2, Target: 115; Eventual BG 154>=115, 26m@1.140 = 0.494 > req 0.37815126050420167+0.1U", 
  "eventualBG": 154, 
  "timestamp": "2016-05-02T16:10:26.378090", 
  "duration": 30, 
  "tick": "+1"
}