{
  "bg": 120, 
  "temp": "absolute", 
  "snoozeBG": 170, 
  "recieved": true, 
  "predBGs": {
    "COB": [
      120, 
      130, 
      139, 
      147, 
      155, 
      163, 
      170, 
      177, 
      183, 
      188, 
      193, 
      197, 
      201, 
      204, 
      206, 
      207, 
      208, 
      208, 
      207, 
      206, 
      205, 
      203, 
      201, 
      199, 
      196, 
      194, 
      192, 
      189, 
      187, 
      185, 
      183, 
      182, 
      180, 
      179, 
      178, 
      177, 
      176
    ], 
    "aCOB": [
      120, 
      128, 
      136, 
      143, 
      150, 
      156, 
      162, 
      168, 
      174, 
      178, 
      183, 
      187, 
      190, 
      193, 
      195, 
      196, 
      197, 
      198, 
      198, 
      197, 
      197, 
      196, 
      195, 
      194, 
      193, 
      192, 
      191, 
      189, 
      188, 
      186, 
      184, 
      182, 
      181, 
      180, 
      179, 
      178, 
      177
    ], 
    "IOB": [
      120, 
      129, 
      137, 
      144, 
      150, 
      155, 
      159, 
      162, 
      164, 
      165, 
      165, 
      164, 
      161, 
      158, 
      155, 
      151, 
      148, 
      144, 
      140, 
      136, 
      132, 
      128, 
      125, 
      122, 
      119, 
      116, 
      114, 
      111, 
      109, 
      107, 
      105, 
      104, 
      102, 
      101, 
      100, 
      99
    ]
  }, 
  "rate": 1.875, 
  "reason": "COB: 34, Dev: 70, BGI: -1.72, ISF: 78.4, Target: 115; Eventual BG 176>=115, 28m@1.740 = 0.812 > req 0.7015306122448979+0.1U", 
  "eventualBG": 176, 
  "timestamp": "2016-05-16T11:02:39.486843", 
  "duration": 30, 
  "tick": "+10"
}