{
  "bg": 151, 
  "temp": "absolute", 
  "snoozeBG": 123, 
  "recieved": true, 
  "predBGs": {
    "COB": [
      151, 
      151, 
      151, 
      151, 
      151, 
      150, 
      150, 
      149, 
      149, 
      148, 
      147, 
      146, 
      145, 
      144, 
      143, 
      142, 
      140, 
      139, 
      137, 
      135, 
      134, 
      132, 
      131, 
      129, 
      128, 
      127, 
      125, 
      124, 
      123, 
      122, 
      121, 
      120, 
      119, 
      119, 
      118, 
      118, 
      117
    ], 
    "aCOB": [
      151, 
      157, 
      162, 
      166, 
      168, 
      170, 
      171, 
      170, 
      168, 
      165, 
      163, 
      160, 
      157, 
      154, 
      151, 
      148, 
      146, 
      143, 
      140, 
      137, 
      135, 
      132, 
      130, 
      128, 
      126, 
      124, 
      123, 
      121, 
      120, 
      119, 
      117, 
      117, 
      116, 
      115, 
      115, 
      114
    ], 
    "IOB": [
      151, 
      151, 
      151, 
      150, 
      149, 
      148, 
      147, 
      145, 
      143, 
      141, 
      139, 
      137, 
      134, 
      131, 
      128, 
      125, 
      122, 
      119, 
      117, 
      114, 
      111, 
      109, 
      107, 
      105, 
      103, 
      101, 
      99, 
      98, 
      96, 
      95, 
      94, 
      93, 
      93, 
      92, 
      91
    ]
  }, 
  "rate": 0.85, 
  "reason": "COB: 11, Dev: 17, BGI: -2.89, Target: 115; Eventual BG 123>=120, 27m@0.930 = 0.419 > req 0.12307692307692308+0.1U", 
  "eventualBG": 123, 
  "timestamp": "2016-04-18T19:25:23.729328", 
  "duration": 30, 
  "tick": "+0"
}