{
  "bg": 122, 
  "temp": "absolute", 
  "snoozeBG": 215, 
  "recieved": true, 
  "predBGs": {
    "COB": [
      122, 
      132, 
      140, 
      147, 
      152, 
      156, 
      159, 
      161, 
      162, 
      162, 
      162, 
      161, 
      159, 
      157, 
      155, 
      152, 
      149, 
      146, 
      143, 
      140, 
      138, 
      136, 
      134, 
      133, 
      132, 
      132, 
      132, 
      132, 
      132, 
      132, 
      132, 
      133, 
      134, 
      135, 
      135, 
      135, 
      135
    ], 
    "aCOB": [
      122, 
      126, 
      129, 
      131, 
      131, 
      131, 
      130, 
      128, 
      125, 
      122, 
      118, 
      114, 
      109, 
      104, 
      99, 
      94, 
      89, 
      84, 
      80, 
      76, 
      73, 
      70, 
      68, 
      67, 
      66, 
      66, 
      66, 
      67, 
      68, 
      70, 
      72, 
      74, 
      77, 
      80, 
      83, 
      86, 
      89
    ], 
    "IOB": [
      122, 
      116, 
      109, 
      101, 
      92, 
      83, 
      73, 
      62, 
      51, 
      39, 
      27, 
      14, 
      1, 
      -12, 
      -25, 
      -38, 
      -50, 
      -62, 
      -73, 
      -84, 
      -94, 
      -103, 
      -111, 
      -119, 
      -126, 
      -132, 
      -137, 
      -142, 
      -146, 
      -149, 
      -152, 
      -154, 
      -156, 
      -158, 
      -159, 
      -160, 
      -161
    ]
  }, 
  "rate": 0.8, 
  "reason": "COB: 50, Dev: 95, BGI: -5.76, Target: 115; Eventual BG 135>=120, 29m@1.290 = 0.624 > req 0.20491803278688525+0.1U", 
  "eventualBG": 135, 
  "timestamp": "2016-04-14T17:57:04.023452", 
  "duration": 30, 
  "tick": "+10"
}