{
  "bg": 161, 
  "temp": "absolute", 
  "snoozeBG": 154, 
  "recieved": true, 
  "predBGs": {
    "COB": [
      161, 
      165, 
      168, 
      171, 
      173, 
      175, 
      176, 
      177, 
      177, 
      177, 
      176, 
      175, 
      173, 
      171, 
      168, 
      165, 
      162, 
      159, 
      156, 
      153, 
      150, 
      147, 
      144, 
      141, 
      138, 
      135, 
      132, 
      130, 
      128, 
      126, 
      124, 
      123, 
      122, 
      121, 
      120, 
      120, 
      120
    ], 
    "aCOB": [
      161, 
      169, 
      176, 
      182, 
      187, 
      191, 
      194, 
      196, 
      197, 
      197, 
      195, 
      192, 
      188, 
      184, 
      179, 
      174, 
      169, 
      164, 
      159, 
      154, 
      150, 
      146, 
      142, 
      138, 
      135, 
      132, 
      129, 
      127, 
      125, 
      123, 
      121, 
      120, 
      119, 
      118, 
      117, 
      117, 
      117
    ], 
    "IOB": [
      161, 
      160, 
      159, 
      157, 
      155, 
      153, 
      150, 
      147, 
      144, 
      140, 
      136, 
      132, 
      127, 
      122, 
      117, 
      112, 
      107, 
      102, 
      97, 
      92, 
      88, 
      84, 
      80, 
      76, 
      73, 
      70, 
      67, 
      65, 
      63, 
      61, 
      59, 
      58, 
      57, 
      56, 
      55, 
      55, 
      55
    ]
  }, 
  "rate": 0.575, 
  "reason": "COB: 15, Dev: 30, BGI: -0.98, Target: 115; Eventual BG 120>=120, 28m@0.860 = 0.401 > req 0.06127450980392157+0.1U", 
  "eventualBG": 120, 
  "timestamp": "2016-04-15T14:36:13.692697", 
  "duration": 30, 
  "tick": "+4"
}