{
  "bg": 164, 
  "temp": "absolute", 
  "snoozeBG": 127, 
  "recieved": true, 
  "predBGs": {
    "COB": [
      164, 
      166, 
      168, 
      169, 
      170, 
      171, 
      171, 
      171, 
      171, 
      171, 
      170, 
      169, 
      168, 
      166, 
      164, 
      162, 
      160, 
      157, 
      154, 
      151, 
      148, 
      145, 
      142, 
      140, 
      138, 
      136, 
      134, 
      132, 
      130, 
      129, 
      128, 
      127, 
      126, 
      125, 
      124, 
      123, 
      123
    ], 
    "aCOB": [
      164, 
      160, 
      157, 
      154, 
      151, 
      148, 
      145, 
      143, 
      141, 
      139, 
      137, 
      135, 
      133, 
      132, 
      131, 
      130, 
      129, 
      129, 
      129, 
      130, 
      131, 
      132, 
      133, 
      133, 
      133, 
      133, 
      133, 
      133, 
      133, 
      132, 
      131, 
      130, 
      129, 
      128, 
      127, 
      126, 
      126
    ], 
    "IOB": [
      164, 
      151, 
      138, 
      126, 
      114, 
      103, 
      92, 
      82, 
      72, 
      63, 
      54, 
      46, 
      38, 
      31, 
      24, 
      18, 
      12, 
      7, 
      3, 
      0, 
      -3, 
      -6, 
      -9, 
      -11, 
      -13, 
      -15, 
      -17, 
      -19, 
      -21, 
      -22, 
      -23, 
      -24, 
      -25, 
      -26, 
      -27, 
      -28, 
      -28
    ]
  }, 
  "rate": 0.65, 
  "reason": "COB: 15, Dev: 98, BGI: -13.32, Target: 115; Eventual BG 126>=120, 29m@1.060 = 0.512 > req 0.10446343779677113+0.1U", 
  "eventualBG": 126, 
  "timestamp": "2016-04-16T08:33:27.226137", 
  "duration": 30, 
  "tick": "+3"
}