{
  "bg": 130, 
  "temp": "absolute", 
  "snoozeBG": 143, 
  "recieved": true, 
  "predBGs": {
    "COB": [
      130, 
      136, 
      142, 
      146, 
      150, 
      152, 
      154, 
      155, 
      155, 
      154, 
      153, 
      150, 
      147, 
      144, 
      141, 
      137, 
      134, 
      130, 
      127, 
      124, 
      120, 
      117, 
      114, 
      112, 
      109, 
      107, 
      105, 
      104, 
      102, 
      101, 
      99, 
      98, 
      97, 
      96, 
      95, 
      95, 
      94
    ], 
    "aCOB": [
      130, 
      138, 
      145, 
      150, 
      154, 
      157, 
      158, 
      158, 
      157, 
      155, 
      152, 
      149, 
      146, 
      143, 
      140, 
      136, 
      133, 
      129, 
      126, 
      123, 
      119, 
      116, 
      113, 
      111, 
      108, 
      106, 
      104, 
      103, 
      101, 
      99, 
      98, 
      97, 
      96, 
      95, 
      94, 
      94, 
      93
    ], 
    "IOB": [
      130, 
      136, 
      142, 
      146, 
      150, 
      153, 
      154, 
      155, 
      156, 
      155, 
      154, 
      151, 
      148, 
      145, 
      142, 
      139, 
      135, 
      132, 
      128, 
      125, 
      121, 
      118, 
      116, 
      113, 
      111, 
      108, 
      106, 
      105, 
      103, 
      102, 
      100, 
      99, 
      98, 
      97, 
      97, 
      96
    ]
  }, 
  "rate": 1.425, 
  "reason": "COB: 11, Dev: 47, BGI: -0.87, ISF: 67.2, Target: 115; Eventual BG 143>=115, 27m@1.250 = 0.563 > req 0.41666666666666663+0.1U", 
  "eventualBG": 143, 
  "timestamp": "2016-06-01T17:02:20.761258", 
  "duration": 30, 
  "tick": "+7"
}