{
  "bg": 147, 
  "temp": "absolute", 
  "snoozeBG": 144, 
  "recieved": true, 
  "predBGs": {
    "COB": [
      147, 
      149, 
      151, 
      152, 
      154, 
      155, 
      157, 
      158, 
      159, 
      159, 
      160, 
      160, 
      160, 
      159, 
      159, 
      159, 
      158, 
      157, 
      157, 
      156, 
      155, 
      154, 
      153, 
      153, 
      152, 
      151, 
      150, 
      150, 
      149, 
      148, 
      148, 
      147, 
      146, 
      146, 
      145, 
      144
    ], 
    "aCOB": [
      147, 
      153, 
      159, 
      165, 
      170, 
      174, 
      178, 
      181, 
      183, 
      185, 
      186, 
      186, 
      186, 
      185, 
      184, 
      182, 
      179, 
      176, 
      173, 
      170, 
      167, 
      164, 
      162, 
      159, 
      157, 
      155, 
      153, 
      151, 
      149, 
      148, 
      146, 
      145, 
      144, 
      143, 
      143, 
      142
    ], 
    "IOB": [
      147, 
      149, 
      150, 
      151, 
      151, 
      151, 
      151, 
      150, 
      149, 
      147, 
      145, 
      142, 
      138, 
      135, 
      132, 
      128, 
      125, 
      122, 
      119, 
      116, 
      113, 
      110, 
      107, 
      105, 
      103, 
      101, 
      99, 
      97, 
      95, 
      94, 
      92, 
      91, 
      90, 
      89, 
      88, 
      88, 
      87
    ]
  }, 
  "rate": 1.55, 
  "reason": "COB: 22, Dev: 30, BGI: -3.02, Target: 115; Eventual BG 144>=120, 29m@1.360 = 0.657 > req 0.4603174603174603+0.1U", 
  "eventualBG": 144, 
  "timestamp": "2016-04-24T17:59:04.126665", 
  "duration": 30, 
  "tick": "+2"
}