{
  "bg": 115, 
  "temp": "absolute", 
  "snoozeBG": 168, 
  "recieved": true, 
  "predBGs": {
    "COB": [
      115, 
      119, 
      122, 
      124, 
      124, 
      125, 
      126, 
      127, 
      128, 
      129, 
      130, 
      131, 
      131, 
      131, 
      130, 
      129, 
      127, 
      125, 
      123, 
      120, 
      117, 
      114, 
      111, 
      108, 
      106, 
      104, 
      102, 
      100, 
      98, 
      96, 
      94, 
      92, 
      91, 
      90, 
      89, 
      88, 
      87
    ], 
    "aCOB": [
      115, 
      120, 
      122, 
      122, 
      122, 
      123, 
      124, 
      125, 
      126, 
      127, 
      128, 
      129, 
      129, 
      129, 
      128, 
      127, 
      125, 
      123, 
      121, 
      118, 
      115, 
      112, 
      109, 
      106, 
      104, 
      102, 
      100, 
      98, 
      96, 
      94, 
      92, 
      90, 
      89, 
      88, 
      87, 
      86, 
      85
    ], 
    "IOB": [
      115, 
      114, 
      114, 
      114, 
      114, 
      115, 
      116, 
      117, 
      118, 
      119, 
      120, 
      121, 
      121, 
      121, 
      120, 
      119, 
      117, 
      115, 
      113, 
      110, 
      107, 
      104, 
      101, 
      98, 
      96, 
      94, 
      92, 
      90, 
      88, 
      86, 
      84, 
      82, 
      81, 
      80, 
      79, 
      78, 
      77
    ]
  }, 
  "rate": 1.7, 
  "reason": "COB: 2, Dev: 34, BGI: -0.63, Target: 115; Eventual BG 168>=120, 28m@1.630 = 0.761 > req 0.5430327868852459+0.1U", 
  "eventualBG": 168, 
  "timestamp": "2016-04-14T22:11:20.439474", 
  "duration": 30, 
  "tick": "+5"
}