{
  "bg": 134, 
  "temp": "absolute", 
  "snoozeBG": 121, 
  "recieved": true, 
  "predBGs": {
    "COB": [
      134, 
      135, 
      135, 
      135, 
      135, 
      135, 
      135, 
      134, 
      133, 
      132, 
      130, 
      129, 
      127, 
      124, 
      122, 
      120, 
      118, 
      117, 
      115, 
      114, 
      113, 
      112, 
      111, 
      110, 
      109, 
      109, 
      108, 
      107, 
      106, 
      106, 
      105, 
      105, 
      105, 
      104
    ], 
    "aCOB": [
      134, 
      138, 
      141, 
      143, 
      144, 
      143, 
      141, 
      138, 
      135, 
      132, 
      129, 
      127, 
      124, 
      122, 
      120, 
      118, 
      116, 
      114, 
      113, 
      112, 
      111, 
      110, 
      109, 
      108, 
      107, 
      106, 
      106, 
      105, 
      104, 
      104, 
      103, 
      103, 
      102
    ], 
    "IOB": [
      134, 
      135, 
      135, 
      135, 
      135, 
      135, 
      134, 
      133, 
      132, 
      130, 
      129, 
      126, 
      124, 
      121, 
      119, 
      117, 
      115, 
      114, 
      113, 
      111, 
      110, 
      109, 
      109, 
      108, 
      107, 
      106, 
      105, 
      104, 
      104, 
      103, 
      103, 
      102, 
      102, 
      102, 
      102, 
      101
    ]
  }, 
  "rate": 0.85, 
  "reason": "COB: 7, Dev: 31, BGI: -4.17, ISF: 67.8, Target: 115; Eventual BG 121>=115, 19m@0.620 = 0.196 > req 0.08849557522123894+0.1U", 
  "eventualBG": 121, 
  "timestamp": "2016-06-02T08:09:00.791569", 
  "duration": 30, 
  "tick": "+1"
}