{
  "bg": 168, 
  "temp": "absolute", 
  "snoozeBG": 152, 
  "recieved": true, 
  "predBGs": {
    "COB": [
      168, 
      174, 
      178, 
      181, 
      182, 
      182, 
      180, 
      177, 
      172, 
      166, 
      159, 
      152, 
      146, 
      139, 
      132, 
      126, 
      119, 
      113, 
      106, 
      100, 
      95, 
      89, 
      84, 
      79, 
      75, 
      72, 
      68, 
      65, 
      63, 
      61, 
      59, 
      57, 
      56, 
      55, 
      54, 
      53, 
      52
    ], 
    "aCOB": [
      168, 
      172, 
      175, 
      177, 
      178, 
      177, 
      176, 
      173, 
      169, 
      165, 
      159, 
      153, 
      147, 
      140, 
      133, 
      127, 
      120, 
      114, 
      107, 
      101, 
      96, 
      90, 
      85, 
      80, 
      76, 
      73, 
      69, 
      66, 
      64, 
      62, 
      60, 
      58, 
      57, 
      56, 
      55, 
      54, 
      53
    ], 
    "IOB": [
      168, 
      174, 
      179, 
      182, 
      184, 
      185, 
      184, 
      182, 
      179, 
      175, 
      170, 
      164, 
      158, 
      151, 
      144, 
      138, 
      131, 
      125, 
      119, 
      112, 
      107, 
      101, 
      96, 
      92, 
      87, 
      84, 
      80, 
      77, 
      75, 
      73, 
      71, 
      69, 
      68, 
      67, 
      66, 
      65, 
      64
    ]
  }, 
  "rate": 1.05, 
  "reason": "COB: 13, Dev: 73, BGI: -5.14, Target: 115; Eventual BG 134>=115, 28m@1.660 = 0.775 > req 0.2423469387755102+0.1U", 
  "eventualBG": 134, 
  "timestamp": "2016-05-04T10:45:32.390539", 
  "duration": 30, 
  "tick": "+7"
}