{
  "bg": 146, 
  "temp": "absolute", 
  "snoozeBG": 175, 
  "recieved": true, 
  "predBGs": {
    "COB": [
      146, 
      150, 
      155, 
      158, 
      162, 
      165, 
      168, 
      171, 
      173, 
      175, 
      176, 
      177, 
      177, 
      176, 
      175, 
      174, 
      172, 
      170, 
      168, 
      165, 
      163, 
      160, 
      157, 
      154, 
      152, 
      149, 
      146, 
      144, 
      141, 
      139, 
      137, 
      136, 
      134, 
      133, 
      132, 
      131
    ], 
    "aCOB": [
      146, 
      155, 
      163, 
      170, 
      176, 
      182, 
      186, 
      190, 
      193, 
      194, 
      194, 
      194, 
      192, 
      189, 
      186, 
      182, 
      179, 
      175, 
      171, 
      167, 
      163, 
      160, 
      156, 
      153, 
      149, 
      146, 
      144, 
      141, 
      139, 
      137, 
      135, 
      133, 
      132, 
      131, 
      130, 
      129, 
      128
    ], 
    "IOB": [
      146, 
      150, 
      154, 
      157, 
      160, 
      162, 
      164, 
      165, 
      165, 
      165, 
      163, 
      162, 
      159, 
      156, 
      153, 
      149, 
      146, 
      142, 
      138, 
      134, 
      130, 
      126, 
      123, 
      119, 
      116, 
      113, 
      111, 
      108, 
      106, 
      103, 
      102, 
      100, 
      99, 
      97, 
      96, 
      96, 
      95
    ]
  }, 
  "rate": 1.55, 
  "reason": "COB: 20, Dev: 33, BGI: -0.43, Target: 115; Eventual BG 146>=115, 29m@1.390 = 0.672 > req 0.47256097560975613+0.1U", 
  "eventualBG": 146, 
  "timestamp": "2016-05-10T15:31:30.568329", 
  "duration": 30, 
  "tick": "+5"
}