{
  "bg": 176, 
  "temp": "absolute", 
  "snoozeBG": 109, 
  "recieved": true, 
  "predBGs": {
    "IOB": [
      176, 
      174, 
      172, 
      168, 
      164, 
      160, 
      155, 
      149, 
      144, 
      138, 
      132, 
      126, 
      120, 
      115, 
      110, 
      106, 
      102, 
      99, 
      97, 
      95, 
      93, 
      91, 
      90, 
      90, 
      89, 
      89, 
      89, 
      89, 
      89, 
      90, 
      90, 
      91, 
      91, 
      92, 
      92, 
      93
    ]
  }, 
  "rate": 0.675, 
  "reason": "COB: 0, Dev: 31, BGI: -6.57, ISF: 90, Target: 115; Eventual BG 75 < 115, Snooze BG 109, 28m@-0.750 = -0.350 < req -0.04-0.22499999999999998", 
  "COB": 0, 
  "eventualBG": 75, 
  "timestamp": "2016-09-11T00:13:51.906568", 
  "duration": 30, 
  "tick": "+3", 
  "IOB": 1.465
}