{
  "bg": 108, 
  "temp": "absolute", 
  "snoozeBG": 110, 
  "recieved": true, 
  "predBGs": {
    "IOB": [
      108, 
      104, 
      101, 
      99, 
      97, 
      95, 
      95, 
      94, 
      94, 
      95, 
      96, 
      97, 
      99, 
      100, 
      102, 
      104, 
      106, 
      108, 
      110, 
      112, 
      114, 
      116, 
      117, 
      119, 
      120, 
      121, 
      122, 
      123, 
      124, 
      124, 
      125, 
      125, 
      126, 
      126, 
      126, 
      127
    ]
  }, 
  "reason": "COB: 0, Dev: -12, BGI: -2.01, ISF: 86, Target: 112; Eventual BG 110 < 112, 24m@-0.675 = -0.270 < req -0.046674445740956826-0.2025", 
  "rate": 0.55, 
  "COB": 0, 
  "eventualBG": 110, 
  "timestamp": "2016-09-28T18:18:01.926760", 
  "duration": 30, 
  "tick": "+2", 
  "IOB": -0.168
}