{
  "bg": 156, 
  "temp": "absolute", 
  "snoozeBG": 157, 
  "recieved": true, 
  "predBGs": {
    "COB": [
      156, 
      158, 
      160, 
      161, 
      162, 
      163, 
      164, 
      164, 
      163, 
      162, 
      161, 
      159, 
      157, 
      154, 
      150, 
      147, 
      144, 
      141, 
      138, 
      135, 
      132, 
      130, 
      128, 
      127, 
      126, 
      125, 
      125, 
      125, 
      126, 
      127, 
      128, 
      130, 
      132, 
      135, 
      138, 
      141, 
      144
    ], 
    "aCOB": [
      156, 
      162, 
      168, 
      174, 
      179, 
      183, 
      187, 
      191, 
      194, 
      196, 
      198, 
      199, 
      200, 
      200, 
      199, 
      199, 
      198, 
      197, 
      196, 
      196, 
      195, 
      195, 
      195, 
      196, 
      196, 
      197, 
      199, 
      200, 
      202, 
      204, 
      207, 
      210, 
      213, 
      216, 
      219, 
      223, 
      227
    ], 
    "IOB": [
      156, 
      158, 
      158, 
      159, 
      158, 
      157, 
      155, 
      152, 
      148, 
      143, 
      138, 
      131, 
      124, 
      116, 
      108, 
      99, 
      91, 
      83, 
      75, 
      68, 
      60, 
      54, 
      47, 
      41, 
      39
    ]
  }, 
  "rate": 1.35, 
  "reason": "COB: 77, Dev: 34, BGI: -3.71, ISF: 72.7, Target: 115; Eventual BG 144>=115, 25m@1.450 = 0.604 > req 0.39889958734525444+0.1U", 
  "eventualBG": 144, 
  "timestamp": "2016-05-17T13:39:40.287833", 
  "duration": 30, 
  "tick": "+2"
}