{
  "bg": 156, 
  "temp": "absolute", 
  "snoozeBG": 160, 
  "recieved": true, 
  "predBGs": {
    "COB": [
      156, 
      161, 
      166, 
      170, 
      173, 
      175, 
      177, 
      177, 
      177, 
      175, 
      172, 
      169, 
      164, 
      159, 
      154, 
      148, 
      143, 
      138, 
      134, 
      129, 
      125, 
      121, 
      117, 
      114, 
      111, 
      108, 
      105, 
      103, 
      101, 
      99, 
      97, 
      96, 
      95, 
      94, 
      94, 
      93
    ], 
    "aCOB": [
      156, 
      163, 
      169, 
      174, 
      178, 
      180, 
      181, 
      181, 
      180, 
      177, 
      172, 
      168, 
      163, 
      158, 
      153, 
      147, 
      142, 
      137, 
      133, 
      128, 
      124, 
      120, 
      116, 
      113, 
      110, 
      107, 
      104, 
      102, 
      100, 
      98, 
      96, 
      95, 
      94, 
      93, 
      93, 
      92
    ], 
    "IOB": [
      156, 
      161, 
      166, 
      170, 
      173, 
      175, 
      177, 
      177, 
      176, 
      174, 
      172, 
      168, 
      163, 
      158, 
      153, 
      147, 
      142, 
      137, 
      132, 
      128, 
      124, 
      120, 
      116, 
      113, 
      110, 
      107, 
      104, 
      102, 
      100, 
      98, 
      96, 
      95, 
      94, 
      93, 
      92
    ]
  }, 
  "rate": 0.9, 
  "reason": "COB: 11, Dev: 48, BGI: -1.94, ISF: 79.2, Target: 115; Eventual BG 130>=115, 23m@1.040 = 0.399 > req 0.1893939393939394+0.1U", 
  "eventualBG": 130, 
  "timestamp": "2016-05-16T11:23:04.890231", 
  "duration": 30, 
  "tick": "+6"
}