{
  "bg": 175, 
  "temp": "absolute", 
  "snoozeBG": 152, 
  "recieved": true, 
  "predBGs": {
    "COB": [
      175, 
      178, 
      181, 
      183, 
      185, 
      186, 
      187, 
      188, 
      188, 
      188, 
      187, 
      186, 
      185, 
      183, 
      181, 
      179, 
      177, 
      174, 
      171, 
      168, 
      165, 
      162, 
      159, 
      157, 
      155, 
      153, 
      151, 
      149, 
      147, 
      145, 
      144, 
      143, 
      142, 
      141, 
      140, 
      139, 
      139
    ], 
    "aCOB": [
      175, 
      172, 
      170, 
      168, 
      166, 
      164, 
      162, 
      160, 
      158, 
      157, 
      156, 
      155, 
      154, 
      153, 
      152, 
      152, 
      152, 
      152, 
      153, 
      154, 
      154, 
      154, 
      154, 
      154, 
      154, 
      153, 
      152, 
      151, 
      150, 
      149, 
      148, 
      147, 
      146, 
      145, 
      144, 
      143, 
      143
    ], 
    "IOB": [
      175, 
      163, 
      151, 
      140, 
      129, 
      119, 
      109, 
      100, 
      91, 
      83, 
      75, 
      68, 
      61, 
      55, 
      49, 
      44, 
      39, 
      35, 
      32, 
      29, 
      26, 
      23, 
      20, 
      18, 
      16, 
      14, 
      12, 
      10, 
      8, 
      6, 
      5, 
      4, 
      3, 
      2, 
      1, 
      0, 
      0
    ]
  }, 
  "rate": 1.125, 
  "reason": "COB: 14, Dev: 98, BGI: -12.27, Target: 115; Eventual BG 152>=120, 28m@1.060 = 0.495 > req 0.3513770180436847+0.1U", 
  "eventualBG": 152, 
  "timestamp": "2016-04-16T08:41:22.222013", 
  "duration": 30, 
  "tick": "+4"
}