{
  "bg": 164, 
  "temp": "absolute", 
  "snoozeBG": 118, 
  "recieved": true, 
  "predBGs": {
    "COB": [
      164, 
      165, 
      165, 
      166, 
      166, 
      166, 
      165, 
      165, 
      163, 
      162, 
      160, 
      157, 
      155, 
      152, 
      149, 
      146, 
      143, 
      140, 
      137, 
      134, 
      132, 
      129, 
      127, 
      125, 
      123, 
      122, 
      120, 
      119, 
      119, 
      118, 
      118, 
      118, 
      118, 
      118, 
      119, 
      119, 
      120
    ], 
    "aCOB": [
      164, 
      170, 
      176, 
      181, 
      186, 
      189, 
      192, 
      194, 
      196, 
      196, 
      196, 
      195, 
      193, 
      191, 
      188, 
      184, 
      180, 
      176, 
      171, 
      166, 
      161, 
      156, 
      152, 
      148, 
      144, 
      140, 
      137, 
      135, 
      132, 
      130, 
      128, 
      127, 
      126, 
      125, 
      124, 
      123
    ], 
    "IOB": [
      164, 
      165, 
      165, 
      164, 
      164, 
      162, 
      160, 
      158, 
      154, 
      150, 
      146, 
      141, 
      135, 
      130, 
      124, 
      118, 
      112, 
      107, 
      101, 
      96, 
      91, 
      86, 
      82, 
      78, 
      74, 
      70, 
      67, 
      65, 
      62, 
      60, 
      58, 
      57, 
      56, 
      55, 
      54, 
      53
    ]
  }, 
  "rate": 0.65, 
  "reason": "COB: 24, Dev: 25, BGI: -3.13, Target: 115; Eventual BG 120>=115, 29m@1.300 = 0.628 > req 0.04126547455295736+0.1U", 
  "eventualBG": 120, 
  "timestamp": "2016-05-12T11:55:07.374311", 
  "duration": 30, 
  "tick": "+1"
}