{
  "bg": 144, 
  "temp": "absolute", 
  "snoozeBG": 132, 
  "recieved": true, 
  "predBGs": {
    "COB": [
      144, 
      145, 
      145, 
      146, 
      146, 
      147, 
      147, 
      147, 
      147, 
      147, 
      147, 
      146, 
      146, 
      146, 
      145, 
      145, 
      144, 
      143, 
      142, 
      142, 
      141, 
      140, 
      139, 
      138, 
      137, 
      136, 
      134, 
      133, 
      132, 
      131, 
      130, 
      129, 
      129, 
      128, 
      128, 
      127
    ], 
    "aCOB": [
      144, 
      150, 
      155, 
      159, 
      163, 
      165, 
      167, 
      168, 
      168, 
      168, 
      166, 
      164, 
      161, 
      159, 
      156, 
      154, 
      151, 
      149, 
      146, 
      144, 
      142, 
      140, 
      138, 
      136, 
      135, 
      133, 
      132, 
      130, 
      129, 
      128, 
      127, 
      127, 
      126, 
      125, 
      125, 
      124
    ], 
    "IOB": [
      144, 
      144, 
      145, 
      145, 
      144, 
      144, 
      143, 
      142, 
      140, 
      138, 
      136, 
      134, 
      131, 
      129, 
      126, 
      124, 
      121, 
      119, 
      116, 
      114, 
      112, 
      110, 
      108, 
      106, 
      105, 
      103, 
      102, 
      101, 
      99, 
      98, 
      97, 
      97, 
      96, 
      95, 
      95, 
      94
    ]
  }, 
  "rate": 1.125, 
  "reason": "COB: 14, Dev: 25, BGI: -3.22, Target: 115; Eventual BG 132>=120, 29m@0.930 = 0.450 > req 0.26153846153846155+0.1U", 
  "eventualBG": 132, 
  "timestamp": "2016-04-18T19:09:23.752762", 
  "duration": 30, 
  "tick": "+2"
}