{
  "bg": 110, 
  "temp": "absolute", 
  "snoozeBG": 136, 
  "recieved": true, 
  "predBGs": {
    "COB": [
      110, 
      114, 
      117, 
      121, 
      124, 
      128, 
      131, 
      135, 
      138, 
      141, 
      144, 
      146, 
      147, 
      148, 
      148, 
      147, 
      146, 
      144, 
      142, 
      140, 
      138, 
      136, 
      134, 
      133, 
      131, 
      129, 
      128, 
      126, 
      125, 
      124, 
      123, 
      122, 
      121, 
      121, 
      120
    ], 
    "aCOB": [
      110, 
      116, 
      122, 
      127, 
      132, 
      137, 
      141, 
      144, 
      147, 
      150, 
      151, 
      152, 
      151, 
      150, 
      148, 
      147, 
      145, 
      143, 
      141, 
      139, 
      137, 
      135, 
      133, 
      131, 
      129, 
      128, 
      126, 
      125, 
      124, 
      123, 
      122, 
      121, 
      120, 
      119, 
      119, 
      118
    ], 
    "IOB": [
      110, 
      113, 
      117, 
      120, 
      123, 
      125, 
      127, 
      129, 
      131, 
      133, 
      133, 
      133, 
      132, 
      131, 
      130, 
      128, 
      126, 
      124, 
      122, 
      120, 
      118, 
      116, 
      114, 
      112, 
      111, 
      109, 
      107, 
      106, 
      105, 
      104, 
      103, 
      102, 
      101, 
      100, 
      100, 
      100, 
      99
    ]
  }, 
  "rate": 1.5, 
  "reason": "COB: 18, Dev: 43, BGI: -3.09, Target: 115; Eventual BG 136>=120, 23m@1.320 = 0.506 > req 0.35714285714285715+0.1U", 
  "eventualBG": 136, 
  "timestamp": "2016-04-27T09:18:50.785701", 
  "duration": 30, 
  "tick": "+4"
}