{
  "bg": 142, 
  "temp": "absolute", 
  "snoozeBG": 120, 
  "recieved": true, 
  "predBGs": {
    "COB": [
      142, 
      146, 
      149, 
      151, 
      153, 
      154, 
      153, 
      153, 
      152, 
      151, 
      151, 
      150, 
      148, 
      147, 
      146, 
      145, 
      143, 
      142, 
      140, 
      139, 
      137, 
      136, 
      134, 
      132, 
      130, 
      128, 
      127, 
      126, 
      125, 
      124, 
      123, 
      122, 
      121, 
      121, 
      120
    ], 
    "aCOB": [
      142, 
      145, 
      147, 
      149, 
      150, 
      150, 
      149, 
      148, 
      147, 
      146, 
      145, 
      143, 
      142, 
      141, 
      140, 
      139, 
      138, 
      136, 
      135, 
      134, 
      133, 
      132, 
      131, 
      130, 
      129, 
      128, 
      127, 
      126, 
      125, 
      124, 
      123, 
      122, 
      122, 
      121, 
      121, 
      120
    ], 
    "IOB": [
      142, 
      145, 
      148, 
      148, 
      148, 
      146, 
      143, 
      139, 
      135, 
      130, 
      124, 
      117, 
      110, 
      104, 
      98, 
      92, 
      86, 
      81, 
      77, 
      72, 
      68, 
      65, 
      61, 
      58, 
      56, 
      54, 
      52, 
      51, 
      50, 
      49, 
      48, 
      47, 
      47, 
      46, 
      46, 
      45
    ]
  }, 
  "rate": 1.0, 
  "reason": "COB: 34, Dev: 64, BGI: -6.64, Target: 115; Eventual BG 120>=120, 29m@0.775 = 0.375 > req 0.07564296520423601+0.1U", 
  "eventualBG": 120, 
  "timestamp": "2016-04-27T20:36:52.245681", 
  "duration": 30, 
  "tick": "+4"
}