{
  "bg": 153, 
  "temp": "absolute", 
  "snoozeBG": 144, 
  "recieved": true, 
  "predBGs": {
    "COB": [
      153, 
      154, 
      151, 
      147, 
      143, 
      139, 
      135, 
      131, 
      127, 
      122, 
      118, 
      113, 
      109, 
      104, 
      99, 
      95, 
      90, 
      86, 
      82, 
      79, 
      75, 
      72, 
      69, 
      66, 
      64, 
      61, 
      59, 
      57, 
      55, 
      54, 
      52, 
      51, 
      50, 
      49, 
      49, 
      48
    ], 
    "aCOB": [
      153, 
      154, 
      151, 
      147, 
      143, 
      139, 
      135, 
      131, 
      127, 
      122, 
      118, 
      113, 
      109, 
      104, 
      99, 
      95, 
      90, 
      86, 
      82, 
      79, 
      75, 
      72, 
      69, 
      66, 
      64, 
      61, 
      59, 
      57, 
      55, 
      54, 
      52, 
      51, 
      50, 
      49, 
      49, 
      48
    ], 
    "IOB": [
      153, 
      158, 
      163, 
      166, 
      169, 
      171, 
      172, 
      172, 
      171, 
      169, 
      167, 
      163, 
      158, 
      154, 
      149, 
      144, 
      140, 
      136, 
      132, 
      128, 
      125, 
      122, 
      119, 
      116, 
      113, 
      111, 
      109, 
      107, 
      105, 
      103, 
      102, 
      101, 
      100, 
      99, 
      98
    ]
  }, 
  "rate": 1.125, 
  "reason": "COB: 2, Dev: 59, BGI: -3.87, Target: 115; Eventual BG 144>=120, 23m@1.240 = 0.475 > req 0.3333333333333333+0.1U", 
  "eventualBG": 144, 
  "timestamp": "2016-04-21T11:29:42.357921", 
  "duration": 30, 
  "tick": "+6"
}