{
  "bg": 186, 
  "temp": "absolute", 
  "snoozeBG": 136, 
  "recieved": true, 
  "predBGs": {
    "COB": [
      186, 
      186, 
      186, 
      185, 
      184, 
      182, 
      181, 
      179, 
      177, 
      174, 
      172, 
      169, 
      166, 
      163, 
      159, 
      156, 
      153, 
      150, 
      147, 
      144, 
      142, 
      140, 
      139, 
      137, 
      136, 
      136, 
      136, 
      136, 
      136, 
      137, 
      138, 
      139, 
      141, 
      143, 
      144, 
      146, 
      148
    ], 
    "aCOB": [
      186, 
      192, 
      196, 
      201, 
      205, 
      208, 
      211, 
      213, 
      215, 
      217, 
      218, 
      218, 
      219, 
      218, 
      218, 
      217, 
      217, 
      216, 
      215, 
      214, 
      213, 
      212, 
      212, 
      212, 
      211, 
      211, 
      211, 
      212, 
      212, 
      212, 
      213, 
      213, 
      213, 
      214, 
      214, 
      214, 
      215
    ], 
    "IOB": [
      186, 
      186, 
      185, 
      183, 
      181, 
      178, 
      174, 
      170, 
      166, 
      161, 
      155, 
      149, 
      142, 
      135, 
      128, 
      122, 
      115, 
      109, 
      102, 
      96, 
      91, 
      86, 
      81, 
      76, 
      73, 
      69, 
      66, 
      63, 
      60, 
      58, 
      57, 
      55, 
      54, 
      53, 
      52, 
      51
    ]
  }, 
  "rate": 1.05, 
  "reason": "COB: 45, Dev: 25, BGI: -4.23, ISF: 76.9, Target: 115; Eventual BG 148>=115, 26m@1.480 = 0.641 > req 0.2730819245773732+0.1U", 
  "eventualBG": 148, 
  "timestamp": "2016-05-31T15:49:23.314296", 
  "duration": 30, 
  "tick": "+0"
}