{
  "bg": 113, 
  "temp": "absolute", 
  "snoozeBG": 122, 
  "recieved": true, 
  "predBGs": {
    "COB": [
      113, 
      115, 
      117, 
      118, 
      119, 
      121, 
      122, 
      124, 
      127, 
      129, 
      132, 
      135, 
      138, 
      141, 
      145, 
      149, 
      153, 
      157, 
      162, 
      166, 
      171, 
      175, 
      180, 
      185, 
      191, 
      196, 
      201, 
      205, 
      210, 
      215, 
      219, 
      223, 
      228, 
      232, 
      236, 
      240, 
      243
    ], 
    "aCOB": [
      113, 
      116, 
      118, 
      121, 
      123, 
      125, 
      128, 
      130, 
      133, 
      137, 
      140, 
      144, 
      147, 
      151, 
      155, 
      160, 
      164, 
      169, 
      174, 
      179, 
      184, 
      189, 
      194, 
      199, 
      205, 
      210, 
      215, 
      220, 
      225, 
      229, 
      234, 
      238, 
      242, 
      246, 
      250, 
      254, 
      257
    ], 
    "IOB": [
      113, 
      114, 
      115, 
      114, 
      113, 
      112, 
      110, 
      107, 
      105, 
      102, 
      98, 
      95, 
      91, 
      87, 
      83, 
      80, 
      78, 
      75, 
      73, 
      71, 
      70, 
      69, 
      68, 
      67, 
      67, 
      66, 
      66, 
      65, 
      65, 
      65, 
      65, 
      64, 
      64, 
      64, 
      64, 
      63
    ]
  }, 
  "rate": 0.675, 
  "reason": "COB: 65, Dev: 53, BGI: -6.89, Target: 115; Eventual BG 243>=120, 28m@0.415 = 0.194 > req 0.08838383838383838+0.1U", 
  "eventualBG": 243, 
  "timestamp": "2016-04-22T15:32:06.186154", 
  "duration": 30, 
  "tick": "+2"
}