{
  "bg": 153, 
  "temp": "absolute", 
  "snoozeBG": 133, 
  "recieved": true, 
  "predBGs": {
    "COB": [
      153, 
      153, 
      153, 
      153, 
      152, 
      151, 
      150, 
      149, 
      147, 
      146, 
      145, 
      143, 
      142, 
      141, 
      140, 
      138, 
      137, 
      136, 
      135, 
      134, 
      134, 
      133, 
      133, 
      133, 
      134, 
      134, 
      135, 
      136, 
      136, 
      137, 
      138, 
      140, 
      141, 
      142, 
      143, 
      145, 
      146
    ], 
    "aCOB": [
      153, 
      160, 
      166, 
      171, 
      176, 
      180, 
      184, 
      187, 
      190, 
      192, 
      194, 
      196, 
      197, 
      198, 
      199, 
      199, 
      199, 
      199, 
      198, 
      197, 
      196, 
      195, 
      194, 
      192, 
      191, 
      189, 
      188, 
      186, 
      185, 
      184, 
      184, 
      183, 
      182, 
      182, 
      181, 
      181, 
      180
    ], 
    "IOB": [
      153, 
      153, 
      152, 
      151, 
      150, 
      148, 
      145, 
      143, 
      140, 
      136, 
      133, 
      129, 
      125, 
      122, 
      118, 
      114, 
      111, 
      107, 
      104, 
      101, 
      98, 
      95, 
      93, 
      91, 
      89, 
      88, 
      86, 
      85, 
      84, 
      83, 
      82, 
      81, 
      81, 
      80, 
      80, 
      79
    ]
  }, 
  "rate": 1.05, 
  "reason": "COB: 31, Dev: 17, BGI: -2.78, Target: 115; Eventual BG 146>=115, 26m@0.990 = 0.429 > req 0.25210084033613445+0.1U", 
  "eventualBG": 146, 
  "timestamp": "2016-05-02T16:50:03.344049", 
  "duration": 30, 
  "tick": "+0"
}