{
  "bg": 179, 
  "temp": "absolute", 
  "snoozeBG": 148, 
  "recieved": true, 
  "predBGs": {
    "COB": [
      179, 
      182, 
      185, 
      187, 
      188, 
      189, 
      190, 
      191, 
      191, 
      192, 
      191, 
      191, 
      190, 
      189, 
      187, 
      185, 
      183, 
      180, 
      177, 
      174, 
      171, 
      167, 
      164, 
      161, 
      158, 
      156, 
      153, 
      151, 
      150, 
      148, 
      146, 
      145, 
      144, 
      143, 
      142, 
      141
    ], 
    "aCOB": [
      179, 
      182, 
      185, 
      187, 
      188, 
      189, 
      190, 
      191, 
      191, 
      192, 
      191, 
      191, 
      190, 
      189, 
      187, 
      185, 
      183, 
      180, 
      177, 
      174, 
      171, 
      167, 
      164, 
      161, 
      158, 
      156, 
      153, 
      151, 
      150, 
      148, 
      146, 
      145, 
      144, 
      143, 
      142, 
      141
    ], 
    "IOB": [
      179, 
      182, 
      183, 
      184, 
      185, 
      184, 
      183, 
      181, 
      178, 
      175, 
      171, 
      167, 
      161, 
      156, 
      151, 
      146, 
      141, 
      136, 
      132, 
      128, 
      124, 
      120, 
      117, 
      114, 
      111, 
      108, 
      106, 
      104, 
      102, 
      101, 
      99, 
      98, 
      97, 
      96, 
      95, 
      94
    ]
  }, 
  "rate": 1.5, 
  "reason": "COB: 30, Dev: 57, BGI: -6.53, Target: 115; Eventual BG 148>=115, 27m@1.390 = 0.625 > req 0.4621848739495798+0.1U", 
  "eventualBG": 148, 
  "timestamp": "2016-05-11T11:05:17.968251", 
  "duration": 30, 
  "tick": "+3"
}