{
  "bg": 141, 
  "temp": "absolute", 
  "snoozeBG": 199, 
  "recieved": true, 
  "predBGs": {
    "COB": [
      141, 
      145, 
      148, 
      150, 
      151, 
      151, 
      150, 
      148, 
      145, 
      142, 
      139, 
      136, 
      133, 
      130, 
      127, 
      123, 
      119, 
      115, 
      111, 
      108, 
      105, 
      102, 
      99, 
      96, 
      93, 
      91, 
      89, 
      87, 
      85, 
      83, 
      82, 
      81, 
      80, 
      79, 
      78, 
      78, 
      78
    ], 
    "aCOB": [
      141, 
      145, 
      148, 
      150, 
      151, 
      151, 
      150, 
      148, 
      145, 
      142, 
      139, 
      136, 
      133, 
      130, 
      127, 
      123, 
      119, 
      115, 
      111, 
      108, 
      105, 
      102, 
      99, 
      96, 
      93, 
      91, 
      89, 
      87, 
      85, 
      83, 
      82, 
      81, 
      80, 
      79, 
      78, 
      78, 
      78
    ], 
    "IOB": [
      141, 
      136, 
      131, 
      127, 
      123, 
      119, 
      115, 
      111, 
      108, 
      105, 
      102, 
      99, 
      96, 
      93, 
      90, 
      86, 
      82, 
      78, 
      74, 
      71, 
      68, 
      65, 
      62, 
      59, 
      56, 
      54, 
      52, 
      50, 
      48, 
      46, 
      45, 
      44, 
      43, 
      42, 
      41, 
      41, 
      41
    ]
  }, 
  "rate": 0.575, 
  "reason": "COB: 7, Dev: 58, BGI: -5.02, Target: 115; Eventual BG 122>=120, 24m@0.620 = 0.248 > req 0.07526881720430108+0.1U", 
  "eventualBG": 122, 
  "timestamp": "2016-04-16T17:10:50.759175", 
  "duration": 30, 
  "tick": "+6"
}