{
  "bg": 141, 
  "temp": "absolute", 
  "snoozeBG": 122, 
  "recieved": true, 
  "predBGs": {
    "COB": [
      141, 
      143, 
      145, 
      146, 
      147, 
      148, 
      149, 
      149, 
      149, 
      149, 
      149, 
      149, 
      148, 
      147, 
      146, 
      144, 
      143, 
      141, 
      140, 
      138, 
      136, 
      134, 
      132, 
      131, 
      130, 
      128, 
      127, 
      126, 
      125, 
      124, 
      124, 
      123, 
      122, 
      122, 
      121
    ], 
    "aCOB": [
      141, 
      147, 
      151, 
      155, 
      158, 
      160, 
      162, 
      163, 
      163, 
      162, 
      161, 
      159, 
      156, 
      153, 
      150, 
      147, 
      144, 
      141, 
      138, 
      136, 
      134, 
      132, 
      130, 
      129, 
      128, 
      127, 
      125, 
      124, 
      123, 
      122, 
      122, 
      121, 
      120, 
      120, 
      120, 
      119
    ], 
    "IOB": [
      141, 
      143, 
      144, 
      145, 
      145, 
      145, 
      144, 
      143, 
      142, 
      140, 
      138, 
      135, 
      131, 
      128, 
      125, 
      122, 
      119, 
      116, 
      114, 
      111, 
      109, 
      107, 
      106, 
      104, 
      103, 
      102, 
      101, 
      100, 
      99, 
      98, 
      97, 
      96, 
      96, 
      95, 
      95, 
      95, 
      94
    ]
  }, 
  "rate": 0.675, 
  "reason": "COB: 13, Dev: 34, BGI: -3.69, Target: 115; Eventual BG 122>=115, 27m@0.655 = 0.295 > req 0.09102730819245773+0.1U", 
  "eventualBG": 122, 
  "timestamp": "2016-05-04T18:01:06.425252", 
  "duration": 30, 
  "tick": "+2"
}