{
  "bg": 173, 
  "temp": "absolute", 
  "snoozeBG": 123, 
  "recieved": true, 
  "predBGs": {
    "COB": [
      173, 
      173, 
      173, 
      172, 
      171, 
      169, 
      167, 
      165, 
      163, 
      160, 
      157, 
      154, 
      151, 
      148, 
      145, 
      142, 
      140, 
      137, 
      134, 
      132, 
      130, 
      129, 
      127, 
      126, 
      125, 
      124, 
      123, 
      123, 
      123, 
      123, 
      123, 
      123, 
      124, 
      124, 
      125, 
      125, 
      126
    ], 
    "aCOB": [
      173, 
      181, 
      187, 
      193, 
      197, 
      200, 
      202, 
      202, 
      202, 
      200, 
      198, 
      194, 
      190, 
      186, 
      182, 
      178, 
      174, 
      170, 
      166, 
      163, 
      160, 
      157, 
      155, 
      152, 
      150, 
      149, 
      147, 
      146, 
      145, 
      144, 
      143, 
      142, 
      142, 
      141
    ], 
    "IOB": [
      173, 
      173, 
      172, 
      171, 
      170, 
      168, 
      165, 
      162, 
      159, 
      156, 
      152, 
      148, 
      143, 
      139, 
      135, 
      131, 
      127, 
      123, 
      120, 
      116, 
      113, 
      111, 
      108, 
      106, 
      104, 
      102, 
      101, 
      99, 
      98, 
      97, 
      96, 
      96, 
      95, 
      95, 
      95, 
      94
    ]
  }, 
  "rate": 0.65, 
  "reason": "COB: 12, Dev: 9, BGI: -1.42, ISF: 88.9, Target: 115; Eventual BG 126>=115, 21m@0.675 = 0.236 > req 0.08998875140607424+0.1U", 
  "eventualBG": 126, 
  "timestamp": "2016-05-24T16:38:25.684960", 
  "duration": 30, 
  "tick": "+0"
}