{
  "bg": 143, 
  "temp": "absolute", 
  "snoozeBG": 161, 
  "recieved": true, 
  "predBGs": {
    "COB": [
      143, 
      147, 
      150, 
      153, 
      156, 
      158, 
      160, 
      161, 
      161, 
      161, 
      160, 
      159, 
      157, 
      154, 
      152, 
      150, 
      147, 
      145, 
      142, 
      140, 
      138, 
      136, 
      135, 
      134, 
      133, 
      133, 
      133, 
      134, 
      135, 
      136, 
      138, 
      140, 
      143, 
      146, 
      149, 
      152, 
      156
    ], 
    "aCOB": [
      143, 
      150, 
      158, 
      165, 
      171, 
      177, 
      182, 
      186, 
      190, 
      193, 
      195, 
      196, 
      197, 
      197, 
      197, 
      197, 
      197, 
      197, 
      197, 
      197, 
      197, 
      197, 
      197, 
      198, 
      199, 
      200, 
      201, 
      203, 
      205, 
      208, 
      211, 
      214, 
      217, 
      220, 
      224, 
      228, 
      232
    ], 
    "IOB": [
      143, 
      146, 
      149, 
      150, 
      151, 
      151, 
      151, 
      149, 
      145, 
      141, 
      136, 
      130, 
      122, 
      115, 
      107, 
      100, 
      92, 
      84, 
      77, 
      70, 
      63, 
      57, 
      51, 
      45, 
      40, 
      39
    ]
  }, 
  "rate": 1.55, 
  "reason": "COB: 72, Dev: 38, BGI: -2.35, Target: 115; Eventual BG 156>=115, 28m@1.490 = 0.695 > req 0.5229591836734694+0.1U", 
  "eventualBG": 156, 
  "timestamp": "2016-05-13T13:50:03.476663", 
  "duration": 30, 
  "tick": "+5"
}