{
  "bg": 111, 
  "temp": "absolute", 
  "snoozeBG": 126, 
  "recieved": true, 
  "predBGs": {
    "COB": [
      111, 
      112, 
      113, 
      115, 
      117, 
      119, 
      122, 
      125, 
      128, 
      131, 
      134, 
      137, 
      140, 
      143, 
      145, 
      147, 
      149, 
      151, 
      153, 
      154, 
      156, 
      157, 
      159, 
      160, 
      161, 
      163, 
      164, 
      165, 
      167, 
      168, 
      169, 
      170, 
      172, 
      173, 
      174, 
      175, 
      177
    ], 
    "aCOB": [
      111, 
      118, 
      124, 
      131, 
      137, 
      144, 
      150, 
      156, 
      162, 
      167, 
      173, 
      178, 
      182, 
      185, 
      188, 
      191, 
      193, 
      194, 
      195, 
      195, 
      194, 
      194, 
      193, 
      192, 
      191, 
      190, 
      189, 
      189, 
      188, 
      188, 
      187, 
      187, 
      186, 
      186, 
      186, 
      185
    ], 
    "IOB": [
      111, 
      112, 
      113, 
      114, 
      115, 
      115, 
      116, 
      117, 
      118, 
      119, 
      120, 
      120, 
      120, 
      119, 
      119, 
      118, 
      117, 
      116, 
      115, 
      114, 
      113, 
      112, 
      111, 
      110, 
      109, 
      109, 
      108, 
      107, 
      107, 
      106, 
      105, 
      105, 
      105, 
      104
    ]
  }, 
  "rate": 0.8, 
  "reason": "COB: 23, Dev: 23, BGI: -2.87, Target: 115; Eventual BG 177>=120, 25m@0.595 = 0.248 > req 0.1456953642384106+0.1U", 
  "eventualBG": 177, 
  "timestamp": "2016-04-26T18:06:42.266664", 
  "duration": 30, 
  "tick": "+1"
}