{
  "bg": 120, 
  "temp": "absolute", 
  "snoozeBG": 167, 
  "recieved": true, 
  "predBGs": {
    "COB": [
      120, 
      122, 
      124, 
      125, 
      127, 
      129, 
      131, 
      132, 
      134, 
      135, 
      136, 
      137, 
      138, 
      139, 
      139, 
      140, 
      140, 
      140, 
      140, 
      140, 
      140, 
      140, 
      140, 
      140, 
      140, 
      140, 
      140, 
      140, 
      140, 
      140, 
      140, 
      140, 
      140, 
      141, 
      141, 
      142
    ], 
    "aCOB": [
      120, 
      128, 
      136, 
      143, 
      149, 
      154, 
      159, 
      163, 
      167, 
      170, 
      171, 
      173, 
      173, 
      172, 
      171, 
      169, 
      168, 
      166, 
      164, 
      162, 
      160, 
      159, 
      157, 
      155, 
      154, 
      152, 
      151, 
      149, 
      148, 
      147, 
      146, 
      145, 
      145, 
      144, 
      144, 
      143
    ], 
    "IOB": [
      120, 
      122, 
      123, 
      124, 
      125, 
      126, 
      127, 
      127, 
      127, 
      126, 
      126, 
      125, 
      123, 
      122, 
      120, 
      119, 
      117, 
      115, 
      113, 
      111, 
      110, 
      108, 
      106, 
      105, 
      103, 
      101, 
      100, 
      99, 
      98, 
      96, 
      95, 
      95, 
      94, 
      93, 
      93, 
      93, 
      92
    ]
  }, 
  "rate": 0.575, 
  "reason": "COB: 16, Dev: 19, BGI: -1.15, Target: 140; Eventual BG 142>=140, 28m@0.615 = 0.287 > req 0.027739251040221916+0.1U", 
  "eventualBG": 142, 
  "timestamp": "2016-05-10T17:20:07.144330", 
  "duration": 30, 
  "tick": "+2"
}