{
  "bg": 102, 
  "temp": "absolute", 
  "snoozeBG": 124, 
  "recieved": true, 
  "predBGs": {
    "COB": [
      102, 
      104, 
      106, 
      108, 
      110, 
      112, 
      114, 
      116, 
      118, 
      120, 
      121, 
      122, 
      123, 
      124, 
      125, 
      125, 
      125, 
      125, 
      125, 
      125, 
      125, 
      125, 
      125, 
      125, 
      125, 
      125, 
      125, 
      125, 
      125, 
      125, 
      125, 
      125, 
      125, 
      125, 
      125, 
      126, 
      127
    ], 
    "aCOB": [
      102, 
      112, 
      122, 
      131, 
      140, 
      148, 
      156, 
      163, 
      170, 
      176, 
      181, 
      186, 
      190, 
      193, 
      195, 
      196, 
      197, 
      197, 
      196, 
      195, 
      194, 
      193, 
      192, 
      191, 
      190, 
      189, 
      188, 
      187, 
      186, 
      185, 
      184, 
      183, 
      182, 
      182, 
      182, 
      182, 
      182
    ], 
    "IOB": [
      102, 
      103, 
      104, 
      105, 
      106, 
      107, 
      108, 
      109, 
      110, 
      111, 
      112, 
      112, 
      112, 
      112, 
      112, 
      111, 
      110, 
      109, 
      108, 
      107, 
      106, 
      105, 
      104, 
      103, 
      102, 
      101, 
      100, 
      99, 
      98, 
      97, 
      96, 
      95, 
      94, 
      94, 
      94, 
      94, 
      94
    ]
  }, 
  "rate": 0.675, 
  "reason": "COB: 21, Dev: 9, BGI: 0.57, Target: 115; Eventual BG 127>=120, 24m@0.760 = 0.304 > req 0.11029411764705883+0.1U", 
  "eventualBG": 127, 
  "timestamp": "2016-04-15T16:51:53.731063", 
  "duration": 30, 
  "tick": "+2"
}