{
  "bg": 167, 
  "temp": "absolute", 
  "snoozeBG": 118, 
  "recieved": true, 
  "predBGs": {
    "COB": [
      167, 
      168, 
      168, 
      169, 
      169, 
      168, 
      167, 
      166, 
      165, 
      163, 
      161, 
      158, 
      156, 
      153, 
      150, 
      148, 
      145, 
      142, 
      139, 
      137, 
      134, 
      131, 
      128, 
      126, 
      123, 
      121, 
      119, 
      117, 
      116, 
      114, 
      113, 
      113, 
      112, 
      111, 
      111, 
      111, 
      110
    ], 
    "aCOB": [
      167, 
      173, 
      178, 
      181, 
      184, 
      185, 
      184, 
      182, 
      179, 
      175, 
      170, 
      166, 
      162, 
      157, 
      153, 
      149, 
      145, 
      142, 
      138, 
      135, 
      131, 
      128, 
      125, 
      123, 
      120, 
      118, 
      116, 
      114, 
      113, 
      111, 
      110, 
      110, 
      109, 
      108
    ], 
    "IOB": [
      167, 
      168, 
      168, 
      168, 
      167, 
      166, 
      164, 
      162, 
      159, 
      156, 
      152, 
      148, 
      144, 
      140, 
      136, 
      131, 
      128, 
      124, 
      120, 
      117, 
      114, 
      110, 
      108, 
      105, 
      102, 
      100, 
      98, 
      96, 
      95, 
      94, 
      93, 
      92, 
      91, 
      91, 
      90
    ]
  }, 
  "rate": 0.575, 
  "reason": "COB: 10, Dev: 23, BGI: -2.82, ISF: 78.4, Target: 115; Eventual BG 118>=115, 22m@0.840 = 0.308 > req 0.038265306122448974+0.1U", 
  "eventualBG": 118, 
  "timestamp": "2016-05-31T11:44:01.866107", 
  "duration": 30, 
  "tick": "+1"
}