{
  "bg": 129, 
  "temp": "absolute", 
  "snoozeBG": 141, 
  "recieved": true, 
  "predBGs": {
    "COB": [
      129, 
      131, 
      133, 
      135, 
      137, 
      139, 
      141, 
      143, 
      145, 
      147, 
      149, 
      151, 
      153, 
      154, 
      156, 
      157, 
      159, 
      160, 
      162, 
      163, 
      164, 
      166, 
      167, 
      169, 
      171, 
      172, 
      174, 
      176, 
      177, 
      179, 
      180, 
      182, 
      183, 
      184, 
      186, 
      187, 
      188
    ], 
    "aCOB": [
      129, 
      134, 
      139, 
      144, 
      148, 
      153, 
      158, 
      162, 
      166, 
      170, 
      174, 
      177, 
      180, 
      183, 
      185, 
      187, 
      189, 
      191, 
      193, 
      194, 
      195, 
      197, 
      198, 
      199, 
      200, 
      200, 
      201, 
      201, 
      201, 
      201, 
      200, 
      200, 
      199, 
      198, 
      198, 
      197
    ], 
    "IOB": [
      129, 
      131, 
      132, 
      132, 
      132, 
      132, 
      132, 
      132, 
      130, 
      129, 
      126, 
      124, 
      120, 
      117, 
      114, 
      111, 
      108, 
      105, 
      102, 
      100, 
      97, 
      95, 
      93, 
      91, 
      89, 
      88, 
      86, 
      85, 
      84, 
      83, 
      82, 
      81, 
      80, 
      79, 
      78, 
      78, 
      77
    ]
  }, 
  "rate": 1.5, 
  "reason": "COB: 47, Dev: 39, BGI: -4.55, ISF: 61.5, Target: 115; Eventual BG 188>=115, 28m@1.225 = 0.572 > req 0.42276422764227645+0.1U", 
  "eventualBG": 188, 
  "timestamp": "2016-06-01T12:44:00.633467", 
  "duration": 30, 
  "tick": "+2"
}