{
  "bg": 140, 
  "temp": "absolute", 
  "snoozeBG": 140, 
  "recieved": true, 
  "predBGs": {
    "COB": [
      140, 
      145, 
      150, 
      154, 
      158, 
      162, 
      165, 
      168, 
      170, 
      172, 
      173, 
      173, 
      173, 
      173, 
      172, 
      171, 
      169, 
      167, 
      165, 
      163, 
      161, 
      159, 
      157, 
      155, 
      153, 
      151, 
      149, 
      147, 
      145, 
      143, 
      141, 
      140, 
      139, 
      138, 
      137, 
      136, 
      136
    ], 
    "aCOB": [
      140, 
      149, 
      157, 
      164, 
      170, 
      176, 
      181, 
      185, 
      188, 
      190, 
      191, 
      191, 
      190, 
      188, 
      185, 
      182, 
      178, 
      174, 
      170, 
      166, 
      162, 
      159, 
      156, 
      153, 
      150, 
      147, 
      145, 
      143, 
      141, 
      139, 
      137, 
      136, 
      135, 
      134, 
      133, 
      132, 
      132
    ], 
    "IOB": [
      140, 
      139, 
      138, 
      137, 
      136, 
      135, 
      134, 
      132, 
      130, 
      128, 
      125, 
      122, 
      119, 
      116, 
      112, 
      108, 
      104, 
      100, 
      96, 
      92, 
      88, 
      85, 
      82, 
      79, 
      76, 
      73, 
      71, 
      69, 
      67, 
      65, 
      63, 
      62, 
      61, 
      60, 
      59, 
      58, 
      58
    ]
  }, 
  "rate": 1.05, 
  "reason": "COB: 17, Dev: 34, BGI: -0.69, Target: 115; Eventual BG 138>=120, 27m@1.310 = 0.590 > req 0.2818627450980392+0.1U", 
  "eventualBG": 138, 
  "timestamp": "2016-04-15T14:21:59.763674", 
  "duration": 30, 
  "tick": "+5"
}