{
  "bg": 109, 
  "temp": "absolute", 
  "snoozeBG": 120, 
  "recieved": true, 
  "predBGs": {
    "COB": [
      109, 
      110, 
      111, 
      113, 
      115, 
      117, 
      120, 
      122, 
      125, 
      128, 
      132, 
      135, 
      139, 
      143, 
      147, 
      151, 
      156, 
      160, 
      165, 
      169, 
      174, 
      178, 
      183, 
      187, 
      191, 
      195, 
      199, 
      202, 
      206, 
      210, 
      214, 
      217, 
      221, 
      224, 
      228, 
      231, 
      234
    ], 
    "aCOB": [
      109, 
      114, 
      119, 
      124, 
      130, 
      136, 
      141, 
      147, 
      153, 
      159, 
      166, 
      172, 
      178, 
      185, 
      191, 
      198, 
      204, 
      211, 
      217, 
      223, 
      230, 
      235, 
      241, 
      246, 
      251, 
      256, 
      261, 
      266, 
      270, 
      274, 
      278, 
      282, 
      286, 
      289, 
      292, 
      295, 
      298
    ], 
    "IOB": [
      109, 
      110, 
      110, 
      110, 
      111, 
      111, 
      111, 
      110, 
      110, 
      109, 
      108, 
      107, 
      106, 
      105, 
      104, 
      103, 
      103, 
      103, 
      103, 
      103, 
      102, 
      102, 
      102, 
      102, 
      102, 
      102, 
      101, 
      101, 
      101, 
      100, 
      100, 
      100, 
      100, 
      100, 
      99
    ]
  }, 
  "rate": 0.675, 
  "reason": "COB: 63, Dev: 35, BGI: -4.85, ISF: 74.1, Target: 115; Eventual BG 234>=115, 29m@0.385 = 0.186 > req 0.06747638326585695+0.1U", 
  "eventualBG": 234, 
  "timestamp": "2016-05-17T15:07:35.037487", 
  "duration": 30, 
  "tick": "+1"
}