{
  "bg": 139, 
  "temp": "absolute", 
  "snoozeBG": 112, 
  "recieved": true, 
  "predBGs": {
    "COB": [
      139, 
      142, 
      144, 
      145, 
      145, 
      145, 
      143, 
      141, 
      138, 
      135, 
      131, 
      127, 
      123, 
      119, 
      115, 
      111, 
      107, 
      104, 
      101, 
      98, 
      95, 
      93, 
      91, 
      90, 
      89, 
      89, 
      90, 
      90, 
      92, 
      93, 
      95, 
      98, 
      100, 
      103, 
      105, 
      108, 
      111
    ], 
    "aCOB": [
      139, 
      146, 
      151, 
      156, 
      160, 
      162, 
      164, 
      165, 
      165, 
      165, 
      164, 
      162, 
      160, 
      159, 
      157, 
      155, 
      153, 
      151, 
      150, 
      148, 
      147, 
      146, 
      145, 
      145, 
      145, 
      146, 
      146, 
      148, 
      149, 
      151, 
      153, 
      155, 
      157, 
      159, 
      161, 
      163, 
      165
    ], 
    "IOB": [
      139, 
      141, 
      142, 
      142, 
      141, 
      138, 
      134, 
      129, 
      123, 
      116, 
      108, 
      99, 
      90, 
      81, 
      72, 
      63, 
      55, 
      46, 
      39
    ]
  }, 
  "rate": 1.8, 
  "reason": "COB: 58, Dev: 38, BGI: -3.25, Target: 80; Eventual BG 111>=80, 29m@1.400 = 0.677 > req 0.47256097560975613+0.1U", 
  "eventualBG": 111, 
  "timestamp": "2016-04-28T20:48:38.723069", 
  "duration": 30, 
  "tick": "+3"
}