{
  "bg": 173, 
  "temp": "absolute", 
  "snoozeBG": 142, 
  "recieved": true, 
  "predBGs": {
    "COB": [
      173, 
      179, 
      183, 
      186, 
      188, 
      189, 
      190, 
      190, 
      189, 
      188, 
      186, 
      184, 
      181, 
      179, 
      176, 
      173, 
      170, 
      167, 
      164, 
      161, 
      159, 
      157, 
      155, 
      154, 
      153, 
      152, 
      151, 
      150, 
      149, 
      148, 
      147, 
      146, 
      145, 
      143, 
      143, 
      142
    ], 
    "aCOB": [
      173, 
      176, 
      177, 
      178, 
      178, 
      177, 
      175, 
      173, 
      171, 
      168, 
      165, 
      162, 
      158, 
      155, 
      151, 
      147, 
      144, 
      141, 
      138, 
      136, 
      134, 
      132, 
      131, 
      130, 
      130, 
      130, 
      131, 
      131, 
      132, 
      133, 
      134, 
      135, 
      136, 
      137, 
      138, 
      139, 
      140
    ], 
    "IOB": [
      173, 
      178, 
      181, 
      182, 
      181, 
      179, 
      176, 
      171, 
      164, 
      157, 
      149, 
      139, 
      128, 
      118, 
      107, 
      97, 
      88, 
      79, 
      70, 
      63, 
      55, 
      49, 
      43, 
      39
    ]
  }, 
  "rate": 1.625, 
  "reason": "COB: 51, Dev: 78, BGI: -6.99, Target: 115; Eventual BG 142>=115, 30m@1.175 = 0.587 > req 0.41158536585365857+0.1U", 
  "eventualBG": 142, 
  "timestamp": "2016-04-28T21:11:05.481729", 
  "duration": 30, 
  "tick": "+6"
}