{
  "bg": 130, 
  "temp": "absolute", 
  "snoozeBG": 116, 
  "recieved": true, 
  "predBGs": {
    "COB": [
      130, 
      137, 
      142, 
      147, 
      151, 
      154, 
      156, 
      157, 
      157, 
      156, 
      154, 
      151, 
      149, 
      145, 
      142, 
      138, 
      134, 
      129, 
      125, 
      120, 
      116, 
      112, 
      109, 
      106, 
      103, 
      100, 
      98, 
      96, 
      94, 
      93, 
      92, 
      91, 
      91, 
      90
    ], 
    "aCOB": [
      130, 
      139, 
      146, 
      152, 
      157, 
      161, 
      163, 
      165, 
      165, 
      163, 
      161, 
      157, 
      153, 
      148, 
      143, 
      138, 
      133, 
      128, 
      124, 
      119, 
      115, 
      111, 
      108, 
      104, 
      102, 
      99, 
      97, 
      95, 
      93, 
      92, 
      91, 
      90, 
      90, 
      89
    ], 
    "IOB": [
      130, 
      136, 
      142, 
      146, 
      149, 
      151, 
      151, 
      151, 
      149, 
      146, 
      142, 
      137, 
      132, 
      127, 
      121, 
      116, 
      111, 
      106, 
      102, 
      97, 
      93, 
      89, 
      86, 
      83, 
      80, 
      77, 
      75, 
      73, 
      71, 
      70, 
      69, 
      68, 
      68, 
      68, 
      67
    ]
  }, 
  "rate": 0.675, 
  "reason": "COB: 14, Dev: 46, BGI: -0.71, ISF: 88.9, Target: 80; Eventual BG 90>=80, 29m@0.550 = 0.266 > req 0.11248593925759279+0.1U", 
  "eventualBG": 90, 
  "timestamp": "2016-05-28T13:34:25.630563", 
  "duration": 30, 
  "tick": "+7"
}