{
  "bg": 137, 
  "temp": "absolute", 
  "snoozeBG": 117, 
  "recieved": true, 
  "predBGs": {
    "COB": [
      137, 
      137, 
      137, 
      137, 
      137, 
      136, 
      136, 
      136, 
      135, 
      135, 
      134, 
      134, 
      134, 
      133, 
      132, 
      132, 
      131, 
      130, 
      129, 
      128, 
      127, 
      126, 
      125, 
      124, 
      123, 
      122, 
      121, 
      121, 
      120, 
      120, 
      119, 
      119, 
      118, 
      118, 
      118, 
      117
    ], 
    "aCOB": [
      137, 
      143, 
      148, 
      152, 
      154, 
      154, 
      153, 
      151, 
      149, 
      147, 
      145, 
      143, 
      142, 
      140, 
      138, 
      136, 
      134, 
      132, 
      130, 
      128, 
      127, 
      125, 
      123, 
      122, 
      120, 
      119, 
      118, 
      117, 
      116, 
      116, 
      115, 
      115, 
      114
    ], 
    "IOB": [
      137, 
      137, 
      137, 
      136, 
      135, 
      135, 
      134, 
      132, 
      131, 
      130, 
      128, 
      127, 
      125, 
      123, 
      121, 
      119, 
      117, 
      116, 
      114, 
      112, 
      110, 
      108, 
      107, 
      105, 
      104, 
      103, 
      102, 
      101, 
      100, 
      99, 
      99, 
      98, 
      98, 
      98, 
      97
    ]
  }, 
  "rate": 0.65, 
  "reason": "COB: 8, Dev: 13, BGI: -2.19, ISF: 75.5, Target: 115; Eventual BG 117>=115, 28m@0.490 = 0.229 > req 0.026490066225165563+0.1U", 
  "eventualBG": 117, 
  "timestamp": "2016-05-20T09:02:13.448639", 
  "duration": 30, 
  "tick": "+0"
}