{
  "bg": 141, 
  "temp": "absolute", 
  "snoozeBG": 120, 
  "recieved": true, 
  "predBGs": {
    "COB": [
      141, 
      144, 
      147, 
      150, 
      152, 
      153, 
      155, 
      155, 
      155, 
      154, 
      153, 
      152, 
      150, 
      148, 
      146, 
      143, 
      141, 
      138, 
      135, 
      133, 
      131, 
      128, 
      127, 
      125, 
      124, 
      122, 
      121, 
      121, 
      120, 
      120, 
      120, 
      121, 
      121, 
      122, 
      123, 
      124, 
      125
    ], 
    "aCOB": [
      141, 
      151, 
      160, 
      169, 
      177, 
      184, 
      189, 
      194, 
      198, 
      201, 
      204, 
      205, 
      205, 
      205, 
      205, 
      203, 
      202, 
      200, 
      197, 
      194, 
      191, 
      188, 
      184, 
      181, 
      177, 
      174, 
      172, 
      169, 
      167, 
      165, 
      163, 
      162, 
      161, 
      160, 
      159, 
      158
    ], 
    "IOB": [
      141, 
      144, 
      146, 
      148, 
      150, 
      150, 
      150, 
      150, 
      148, 
      145, 
      142, 
      139, 
      135, 
      130, 
      125, 
      121, 
      116, 
      111, 
      106, 
      102, 
      97, 
      93, 
      89, 
      85, 
      82, 
      79, 
      76, 
      73, 
      71, 
      69, 
      68, 
      66, 
      65, 
      64, 
      63, 
      63, 
      62
    ]
  }, 
  "rate": 0.55, 
  "reason": "COB: 24, Dev: 17, BGI: 0.17, ISF: 87, Target: 115; Eventual BG 125>=115, 29m@1.140 = 0.551 > req 0.05747126436781609+0.1U", 
  "eventualBG": 125, 
  "timestamp": "2016-05-15T14:38:01.171773", 
  "duration": 30, 
  "tick": "+3"
}