{
  "bg": 149, 
  "temp": "absolute", 
  "snoozeBG": 152, 
  "recieved": true, 
  "predBGs": {
    "COB": [
      149, 
      153, 
      158, 
      161, 
      165, 
      168, 
      170, 
      172, 
      173, 
      173, 
      173, 
      172, 
      171, 
      168, 
      166, 
      162, 
      158, 
      155, 
      151, 
      147, 
      144, 
      141, 
      139, 
      136, 
      134, 
      132, 
      130, 
      128, 
      126, 
      125, 
      123, 
      122, 
      121, 
      120, 
      120, 
      119
    ], 
    "aCOB": [
      149, 
      155, 
      160, 
      165, 
      169, 
      172, 
      175, 
      176, 
      177, 
      178, 
      177, 
      175, 
      173, 
      169, 
      165, 
      161, 
      158, 
      154, 
      150, 
      147, 
      144, 
      141, 
      138, 
      136, 
      133, 
      131, 
      129, 
      127, 
      126, 
      124, 
      123, 
      121, 
      120, 
      119, 
      119, 
      118
    ], 
    "IOB": [
      149, 
      153, 
      157, 
      160, 
      163, 
      165, 
      166, 
      167, 
      167, 
      166, 
      164, 
      161, 
      158, 
      154, 
      150, 
      146, 
      142, 
      139, 
      135, 
      132, 
      128, 
      126, 
      123, 
      120, 
      118, 
      116, 
      114, 
      112, 
      110, 
      109, 
      107, 
      106, 
      105, 
      104, 
      104, 
      103
    ]
  }, 
  "rate": 1.375, 
  "reason": "COB: 11, Dev: 51, BGI: -3.53, ISF: 85.1, Target: 115; Eventual BG 152>=115, 28m@1.160 = 0.541 > req 0.4347826086956522+0.1U", 
  "eventualBG": 152, 
  "timestamp": "2016-05-19T08:22:04.951557", 
  "duration": 30, 
  "tick": "+5"
}