{
  "bg": 154, 
  "temp": "absolute", 
  "snoozeBG": 137, 
  "recieved": true, 
  "predBGs": {
    "COB": [
      154, 
      155, 
      156, 
      157, 
      158, 
      158, 
      159, 
      160, 
      160, 
      160, 
      160, 
      159, 
      158, 
      157, 
      155, 
      153, 
      151, 
      149, 
      147, 
      145, 
      143, 
      141, 
      140, 
      139, 
      138, 
      137, 
      137, 
      137, 
      137, 
      137, 
      138, 
      138, 
      139, 
      141, 
      142, 
      144, 
      146
    ], 
    "aCOB": [
      154, 
      162, 
      169, 
      176, 
      184, 
      190, 
      197, 
      203, 
      209, 
      215, 
      219, 
      223, 
      227, 
      230, 
      233, 
      235, 
      237, 
      238, 
      240, 
      241, 
      242, 
      243, 
      245, 
      246, 
      248, 
      249, 
      250, 
      252, 
      254, 
      255, 
      257, 
      259, 
      261, 
      263, 
      265, 
      266, 
      268
    ], 
    "IOB": [
      154, 
      155, 
      155, 
      155, 
      155, 
      155, 
      154, 
      153, 
      152, 
      150, 
      147, 
      144, 
      140, 
      136, 
      132, 
      127, 
      122, 
      118, 
      113, 
      108, 
      104, 
      99, 
      95, 
      92, 
      88, 
      85, 
      82, 
      79, 
      77, 
      75, 
      73, 
      71, 
      70, 
      69, 
      68, 
      68, 
      67
    ]
  }, 
  "rate": 1.175, 
  "reason": "COB: 59, Dev: 19, BGI: -2.21, Target: 115; Eventual BG 146>=115, 29m@1.440 = 0.696 > req 0.30812324929971985+0.1U", 
  "eventualBG": 146, 
  "timestamp": "2016-05-02T16:01:01.093185", 
  "duration": 30, 
  "tick": "+1"
}