{
  "bg": 171, 
  "temp": "absolute", 
  "snoozeBG": 140, 
  "recieved": true, 
  "predBGs": {
    "COB": [
      171, 
      178, 
      184, 
      188, 
      192, 
      195, 
      198, 
      199, 
      200, 
      200, 
      200, 
      199, 
      197, 
      194, 
      191, 
      188, 
      184, 
      179, 
      175, 
      170, 
      165, 
      160, 
      155, 
      151, 
      147, 
      144, 
      141, 
      138, 
      136, 
      133, 
      131, 
      130, 
      128, 
      127, 
      126, 
      125
    ], 
    "aCOB": [
      171, 
      169, 
      166, 
      162, 
      159, 
      156, 
      152, 
      149, 
      145, 
      142, 
      138, 
      135, 
      131, 
      128, 
      125, 
      122, 
      119, 
      116, 
      114, 
      113, 
      112, 
      111, 
      111, 
      112, 
      113, 
      114, 
      115, 
      116, 
      117, 
      117, 
      119, 
      120, 
      121, 
      122, 
      123, 
      124, 
      125
    ], 
    "IOB": [
      171, 
      178, 
      182, 
      184, 
      185, 
      184, 
      182, 
      179, 
      174, 
      167, 
      160, 
      150, 
      140, 
      129, 
      119, 
      110, 
      100, 
      92, 
      84, 
      77, 
      71, 
      65, 
      60, 
      56, 
      53, 
      50, 
      47, 
      44, 
      41, 
      39
    ]
  }, 
  "rate": 0.65, 
  "reason": "COB: 41, Dev: 120, BGI: -11.72, Target: 115; Eventual BG 125>=120, 29m@1.170 = 0.566 > req 0.10626992561105209+0.1U", 
  "eventualBG": 125, 
  "timestamp": "2016-04-23T14:44:08.553494", 
  "duration": 30, 
  "tick": "+10"
}