{
  "requested": {
    "duration": 30, 
    "rate": 0.9, 
    "temp": "absolute"
  }, 
  "bg": 100, 
  "temp": "absolute", 
  "snoozeBG": 123, 
  "timestamp": "2016-04-29T20:19:14.946090", 
  "predBGs": {
    "COB": [
      100, 
      101, 
      102, 
      103, 
      105, 
      106, 
      107, 
      108, 
      109, 
      109, 
      110, 
      111, 
      112, 
      112, 
      113, 
      113, 
      113, 
      113, 
      113, 
      113, 
      113, 
      113, 
      112, 
      112, 
      112, 
      112, 
      111, 
      111, 
      111, 
      110, 
      110, 
      110, 
      109, 
      109, 
      109, 
      108
    ], 
    "aCOB": [
      100, 
      105, 
      105, 
      106, 
      106, 
      106, 
      107, 
      107, 
      107, 
      108, 
      108, 
      108, 
      109, 
      109, 
      109, 
      109, 
      109, 
      109, 
      109, 
      109, 
      108, 
      108, 
      108, 
      108, 
      107, 
      107, 
      107, 
      107, 
      106, 
      106, 
      106, 
      105, 
      105, 
      104
    ], 
    "IOB": [
      100, 
      101, 
      102, 
      103, 
      104, 
      105, 
      106, 
      107, 
      107, 
      108, 
      108, 
      109, 
      109, 
      109, 
      110, 
      110, 
      110, 
      109, 
      109, 
      109, 
      109, 
      109, 
      108, 
      108, 
      108, 
      108, 
      107, 
      107, 
      107, 
      106, 
      106, 
      106, 
      105, 
      105, 
      105, 
      104
    ]
  }, 
  "rate": 1.25, 
  "reason": "COB: 2, Dev: 5, BGI: 0.16, Target: 115; Eventual BG 123>=115, 28m@0.540 = 0.252 > req 0.10101010101010101+0.1U", 
  "eventualBG": 123, 
  "recieved": false, 
  "duration": 27, 
  "tick": "+1"
}