{
  "bg": 192, 
  "temp": "absolute", 
  "snoozeBG": 172, 
  "recieved": true, 
  "predBGs": {
    "COB": [
      192, 
      195, 
      198, 
      199, 
      200, 
      200, 
      200, 
      198, 
      196, 
      193, 
      189, 
      185, 
      180, 
      174, 
      168, 
      161, 
      154, 
      147, 
      140, 
      133, 
      127, 
      120, 
      114, 
      108, 
      103, 
      99, 
      95, 
      91, 
      88, 
      85, 
      83, 
      81, 
      79, 
      77, 
      76, 
      76, 
      75
    ], 
    "aCOB": [
      192, 
      199, 
      204, 
      208, 
      211, 
      212, 
      212, 
      211, 
      209, 
      205, 
      200, 
      194, 
      186, 
      179, 
      171, 
      163, 
      155, 
      147, 
      139, 
      132, 
      125, 
      118, 
      112, 
      106, 
      101, 
      97, 
      93, 
      89, 
      86, 
      83, 
      81, 
      79, 
      77, 
      75, 
      74, 
      74, 
      73
    ], 
    "IOB": [
      192, 
      195, 
      197, 
      198, 
      198, 
      197, 
      195, 
      192, 
      188, 
      183, 
      178, 
      171, 
      164, 
      156, 
      148, 
      140, 
      132, 
      124, 
      116, 
      109, 
      102, 
      95, 
      89, 
      84, 
      79, 
      74, 
      70, 
      66, 
      63, 
      60, 
      58, 
      56, 
      54, 
      53, 
      52, 
      51, 
      50
    ]
  }, 
  "rate": 1.175, 
  "reason": "COB: 13, Dev: 34, BGI: -2.62, Target: 80; Eventual BG 105>=80, 30m@1.460 = 0.730 > req 0.3342245989304813+0.1U", 
  "eventualBG": 105, 
  "timestamp": "2016-05-12T19:23:07.251343", 
  "duration": 30, 
  "tick": "+3"
}