{
  "bg": 123, 
  "temp": "absolute", 
  "snoozeBG": 134, 
  "recieved": true, 
  "predBGs": {
    "COB": [
      123, 
      126, 
      128, 
      130, 
      131, 
      133, 
      134, 
      136, 
      138, 
      139, 
      141, 
      142, 
      143, 
      144, 
      146, 
      147, 
      148, 
      149, 
      150, 
      152, 
      153, 
      155, 
      157, 
      159, 
      161, 
      163, 
      165, 
      167, 
      169, 
      171, 
      173, 
      175, 
      177, 
      179, 
      180, 
      182, 
      184
    ], 
    "aCOB": [
      123, 
      129, 
      135, 
      140, 
      145, 
      150, 
      154, 
      159, 
      163, 
      166, 
      170, 
      173, 
      176, 
      179, 
      181, 
      183, 
      185, 
      187, 
      189, 
      190, 
      192, 
      194, 
      195, 
      197, 
      198, 
      199, 
      200, 
      201, 
      202, 
      202, 
      202, 
      202, 
      202, 
      201, 
      201, 
      200
    ], 
    "IOB": [
      123, 
      125, 
      127, 
      127, 
      127, 
      127, 
      126, 
      125, 
      124, 
      122, 
      119, 
      116, 
      113, 
      109, 
      106, 
      103, 
      100, 
      97, 
      94, 
      91, 
      89, 
      87, 
      85, 
      84, 
      83, 
      82, 
      81, 
      80, 
      79, 
      78, 
      77, 
      76, 
      76, 
      75, 
      75, 
      75, 
      74
    ]
  }, 
  "rate": 0.9, 
  "reason": "COB: 32, Dev: 37, BGI: -3.22, Target: 115; Eventual BG 184>=120, 24m@0.840 = 0.336 > req 0.21839080459770116+0.1U", 
  "eventualBG": 184, 
  "timestamp": "2016-04-21T11:09:13.276321", 
  "duration": 30, 
  "tick": "+3"
}