{
  "bg": 133, 
  "temp": "absolute", 
  "snoozeBG": 158, 
  "recieved": true, 
  "predBGs": {
    "COB": [
      133, 
      136, 
      140, 
      143, 
      146, 
      150, 
      153, 
      157, 
      160, 
      164, 
      167, 
      170, 
      172, 
      173, 
      175, 
      175, 
      176, 
      175, 
      175, 
      174, 
      173, 
      172, 
      171, 
      169, 
      168, 
      166, 
      164, 
      163, 
      161, 
      160, 
      159, 
      158, 
      157, 
      156, 
      156, 
      155
    ], 
    "aCOB": [
      133, 
      140, 
      146, 
      152, 
      158, 
      163, 
      168, 
      173, 
      177, 
      180, 
      183, 
      185, 
      186, 
      187, 
      186, 
      184, 
      182, 
      180, 
      178, 
      176, 
      174, 
      172, 
      170, 
      168, 
      166, 
      164, 
      162, 
      161, 
      159, 
      158, 
      157, 
      156, 
      155, 
      154, 
      154, 
      153
    ], 
    "IOB": [
      133, 
      136, 
      139, 
      141, 
      144, 
      146, 
      148, 
      150, 
      151, 
      152, 
      152, 
      152, 
      152, 
      150, 
      149, 
      147, 
      145, 
      143, 
      141, 
      139, 
      137, 
      135, 
      133, 
      131, 
      129, 
      127, 
      125, 
      124, 
      123, 
      121, 
      120, 
      119, 
      118, 
      117, 
      117, 
      116
    ]
  }, 
  "rate": 1.125, 
  "reason": "COB: 15, Dev: 33, BGI: -2.56, Target: 130; Eventual BG 158>=140, 28m@1.090 = 0.509 > req 0.3114571746384872+0.1U", 
  "eventualBG": 158, 
  "timestamp": "2016-05-14T09:37:11.481624", 
  "duration": 30, 
  "tick": "+3"
}