{
  "bg": 152, 
  "temp": "absolute", 
  "snoozeBG": 182, 
  "recieved": true, 
  "predBGs": {
    "COB": [
      152, 
      159, 
      166, 
      172, 
      177, 
      182, 
      186, 
      189, 
      191, 
      193, 
      194, 
      194, 
      193, 
      192, 
      190, 
      187, 
      184, 
      181, 
      177, 
      172, 
      168, 
      164, 
      161, 
      157, 
      154, 
      151, 
      148, 
      146, 
      143, 
      141, 
      140, 
      138, 
      137, 
      136, 
      135, 
      135, 
      134
    ], 
    "aCOB": [
      152, 
      158, 
      164, 
      170, 
      174, 
      179, 
      182, 
      185, 
      187, 
      189, 
      189, 
      190, 
      189, 
      188, 
      187, 
      185, 
      182, 
      179, 
      176, 
      173, 
      169, 
      165, 
      161, 
      158, 
      154, 
      151, 
      149, 
      146, 
      144, 
      142, 
      140, 
      139, 
      137, 
      136, 
      136, 
      135
    ], 
    "IOB": [
      152, 
      159, 
      165, 
      170, 
      174, 
      177, 
      179, 
      180, 
      180, 
      178, 
      176, 
      172, 
      168, 
      163, 
      158, 
      153, 
      149, 
      144, 
      140, 
      135, 
      131, 
      127, 
      124, 
      120, 
      117, 
      114, 
      111, 
      109, 
      106, 
      104, 
      103, 
      101, 
      100, 
      99, 
      98, 
      98, 
      97
    ]
  }, 
  "rate": 1.375, 
  "reason": "COB: 21, Dev: 67, BGI: -3.18, Target: 115; Eventual BG 150>=120, 27m@1.240 = 0.558 > req 0.4464285714285714+0.1U", 
  "eventualBG": 150, 
  "timestamp": "2016-04-21T17:43:56.086198", 
  "duration": 30, 
  "tick": "+8"
}